query,transform,gold,rank_pos,top1_name,top1_dist,top1_geom,top1_combined,pred@K,dist@K,geom@K,combined@K
0000003_bright.jpg,bright,0000003.jpg,6,0000149.jpg,534.7464599609375,0.28824324324324324,0.878372,0000149.jpg;0000523.jpg;0000340.jpg;0000315.jpg;0000220.jpg;0000003.jpg;0000267.jpg;0000025.jpg;0000253.jpg;0000118.jpg;0000204.jpg;0000133.jpg;0000569.jpg;0000111.jpg;0000046.jpg;0000122.jpg;0000411.jpg;0000333.jpg;0000191.jpg;0000159.jpg,534.7465;632.3107;732.5304;794.3415;810.7924;59.0922;2082.5518;2112.2449;2190.5818;2428.2666;2483.5625;2469.6655;2737.1797;2760.4314;2845.6819;3002.8330;3040.3250;3079.4529;3130.7227;3145.8088,0.2882;0.1221;0.1514;0.1792;0.1315;4.8802;0.1441;0.1052;0.1150;0.1915;0.0675;0.2119;0.1150;0.1454;0.1918;0.1514;0.2100;0.1688;0.1529;0.1514,0.8784;0.8666;0.8420;0.8263;0.8255;0.7000;0.5364;0.5320;0.5137;0.4550;0.4502;0.4443;0.3897;0.3825;0.3603;0.3272;0.3150;0.3087;0.2981;0.2948
0000003_flip.jpg,flip,0000003.jpg,2,0000523.jpg,653.8363037109375,0.10865384615384616,0.8187774,0000523.jpg;0000003.jpg;0000149.jpg;0000315.jpg;0000220.jpg;0000340.jpg;0000025.jpg;0000253.jpg;0000267.jpg;0000122.jpg;0000133.jpg;0000118.jpg;0000569.jpg;0000204.jpg;0000159.jpg;0000111.jpg;0000046.jpg;0000411.jpg;0000333.jpg;0000191.jpg,653.8363;180.3632;502.4533;665.8318;680.8070;637.9667;2261.4351;2316.3501;2271.0981;3191.8281;2578.3237;2527.7954;2928.4990;2605.5986;3208.4890;2943.7568;3028.2153;3142.0002;3293.8130;3299.0913,0.1087;0.1729;0.1514;0.1433;0.1596;0.1792;0.1315;0.1596;0.1792;0.0675;0.1579;0.1792;0.1375;0.1842;0.1211;0.1638;0.1911;0.2305;0.2150;0.2322,0.8188;0.8081;0.7749;0.7529;0.7200;0.6939;0.4163;0.3529;0.3274;0.3241;0.2972;0.2697;0.2557;0.2432;0.2227;0.2043;0.1357;0.0383;0.0326;0.0000
0000003_rot90.jpg,rot90,0000003.jpg,6,0000340.jpg,2006.804931640625,0.14,0.9978266,0000340.jpg;0000315.jpg;0000149.jpg;0000220.jpg;0000523.jpg;0000003.jpg;0000267.jpg;0000025.jpg;0000253.jpg;0000118.jpg;0000111.jpg;0000133.jpg;0000204.jpg;0000050.jpg;0000487.jpg;0000411.jpg;0000569.jpg;0000051.jpg;0000159.jpg;0000122.jpg,2006.8049;2090.6941;2191.9377;2216.7231;2336.9026;2019.8387;3118.6719;3233.9026;3298.1917;3369.4685;3377.1035;3402.1118;3433.4124;3482.1396;3486.2061;3544.1807;3550.0532;3613.2180;3637.3552;3649.5063,0.1400;0.1514;0.4232;0.2550;0.2495;10.0749;0.1315;0.1915;0.1276;0.1441;0.1514;0.1792;0.2100;0.1221;0.1490;0.1514;0.1911;0.0675;0.1375;0.1514,0.9978;0.9617;0.9104;0.9049;0.8539;0.6944;0.5243;0.4734;0.4479;0.4170;0.4136;0.4021;0.3878;0.3697;0.3671;0.3424;0.3387;0.3155;0.3031;0.2975
0000017_bright.jpg,bright,0000017.jpg,2,0000316.jpg,1573.0093994140625,0.05045454545454545,0.7625507,0000316.jpg;0000017.jpg;0000267.jpg;0000122.jpg;0000111.jpg;0000053.jpg;0000196.jpg;0000204.jpg;0000025.jpg;0000046.jpg;0000253.jpg;0000333.jpg;0000191.jpg;0000050.jpg;0000411.jpg;0000118.jpg;0000569.jpg;0000487.jpg;0000026.jpg;0000133.jpg,1573.0094;829.8276;2048.0703;2208.2397;2237.9028;2425.2197;2472.2422;2614.9507;2695.7896;2738.4680;2726.0493;2735.1770;2885.8125;2897.7852;2966.0886;2940.3633;2957.2319;2955.0383;3016.2134;3051.3159,0.0505;2.1336;0.1579;0.1441;0.1087;0.1261;0.0961;0.1631;0.0275;0.1211;0.1514;0.1514;0.1350;0.1261;0.0373;0.1212;0.1087;0.1677;0.0869;0.1304,0.7626;0.7000;0.5975;0.5491;0.5447;0.4832;0.4727;0.4182;0.4120;0.3852;0.3848;0.3820;0.3368;0.3343;0.3255;0.3216;0.3181;0.3104;0.3026;0.2853
0000017_flip.jpg,flip,0000017.jpg,1,0000017.jpg,119.21498107910156,0.1225,0.95795083,0000017.jpg;0000267.jpg;0000053.jpg;0000316.jpg;0000122.jpg;0000253.jpg;0000333.jpg;0000196.jpg;0000487.jpg;0000046.jpg;0000111.jpg;0000229.jpg;0000050.jpg;0000411.jpg;0000204.jpg;0000118.jpg;0000026.jpg;0000133.jpg;0000191.jpg;0000025.jpg,119.2150;2446.1484;2701.2075;2219.5752;2555.2261;2904.1919;2871.3625;2675.8506;3099.3232;3030.3384;2618.6274;3070.2705;2923.4048;3040.7656;2906.4282;3099.2729;3060.5308;3188.2974;3080.5103;2965.3152,0.1225;0.1276;0.1051;0.1514;0.1514;0.1315;0.1350;0.1688;0.1304;0.1454;0.1918;0.1529;0.1729;0.1729;0.1911;0.1842;0.1911;0.1792;0.2100;0.2293,0.9580;0.4148;0.4111;0.4092;0.3326;0.3009;0.3000;0.2631;0.2592;0.2386;0.2204;0.2115;0.1966;0.1699;0.1566;0.1293;0.1215;0.1211;0.0712;0.0509
0000017_rot90.jpg,rot90,0000017.jpg,5,0000050.jpg,1832.2828369140625,0.05045454545454545,1.0,0000050.jpg;0000229.jpg;0000053.jpg;0000196.jpg;0000017.jpg;0000548.jpg;0000487.jpg;0000316.jpg;0000171.jpg;0000111.jpg;0000267.jpg;0000122.jpg;0000046.jpg;0000051.jpg;0000411.jpg;0000025.jpg;0000333.jpg;0000118.jpg;0000569.jpg;0000003.jpg,1832.2828;2273.0000;2303.8245;2501.2090;2142.4531;2973.6516;3072.0825;3145.9153;3151.4624;3236.1968;3274.7136;3292.4062;3394.8555;3428.2695;3467.7422;3463.3928;3479.8154;3492.3589;3575.7302;3581.8665,0.0505;0.1688;0.1441;0.1688;9.7572;0.1579;0.1018;0.1375;0.1911;0.0526;0.1375;0.1350;0.1767;0.2422;0.1350;0.1915;0.0931;0.1792;0.1792;0.1514,1.0000;0.8200;0.8084;0.7287;0.5759;0.5400;0.5024;0.4717;0.4679;0.4382;0.4202;0.4132;0.3709;0.3555;0.3430;0.3430;0.3395;0.3318;0.2985;0.2969
0000025_bright.jpg,bright,0000025.jpg,3,0000118.jpg,610.299560546875,0.1910714285714286,0.8436873,0000118.jpg;0000133.jpg;0000025.jpg;0000253.jpg;0000267.jpg;0000411.jpg;0000051.jpg;0000204.jpg;0000333.jpg;0000122.jpg;0000569.jpg;0000026.jpg;0000111.jpg;0000191.jpg;0000046.jpg;0000487.jpg;0000003.jpg;0000523.jpg;0000220.jpg;0000340.jpg,610.2996;707.6176;45.9348;1135.5936;1096.3687;1517.2893;1629.8711;1628.7393;1678.6440;1795.3923;1818.3292;1868.7058;1883.7980;1889.3850;1925.1532;1935.3730;2136.6255;2478.0178;2516.1372;2613.8848,0.1911;0.1514;7.8248;0.3363;1.0371;0.1454;0.1315;0.2300;0.1638;0.2100;0.1767;0.1596;0.1767;0.2322;0.1767;0.1315;0.2048;0.1276;0.2398;0.2017,0.8437;0.8187;0.7000;0.6948;0.6782;0.5982;0.5681;0.5646;0.5535;0.5199;0.5150;0.5019;0.4971;0.4934;0.4858;0.4848;0.4271;0.3370;0.3223;0.2971
0000025_flip.jpg,flip,0000025.jpg,1,0000025.jpg,88.7442626953125,0.145,0.83269227,0000025.jpg;0000118.jpg;0000267.jpg;0000253.jpg;0000133.jpg;0000026.jpg;0000191.jpg;0000204.jpg;0000411.jpg;0000487.jpg;0000051.jpg;0000569.jpg;0000122.jpg;0000333.jpg;0000046.jpg;0000111.jpg;0000003.jpg;0000220.jpg;0000340.jpg;0000523.jpg,88.7443;623.3533;1030.5443;1090.2480;692.2416;1788.4150;1785.2456;1614.0837;1392.0663;1804.6770;1541.5028;1764.4194;1783.4954;1533.9570;1840.9873;1865.1309;2043.5492;2451.6821;2595.7080;2461.0071,0.1450;0.1688;0.1315;0.1596;0.2600;0.0000;0.0485;0.1100;0.1918;0.1212;0.2100;0.1688;0.1688;0.2322;0.1792;0.1915;0.1767;0.1304;0.1441;0.2150,0.8327;0.6560;0.5852;0.5363;0.5315;0.5254;0.4704;0.4472;0.4148;0.3810;0.3520;0.3374;0.3321;0.3285;0.3040;0.2831;0.2503;0.1898;0.1338;0.0895
0000025_rot90.jpg,rot90,0000025.jpg,5,0000118.jpg,2404.269775390625,0.1211111111111111,0.88900924,0000118.jpg;0000487.jpg;0000133.jpg;0000051.jpg;0000025.jpg;0000267.jpg;0000050.jpg;0000411.jpg;0000333.jpg;0000229.jpg;0000569.jpg;0000191.jpg;0000548.jpg;0000253.jpg;0000046.jpg;0000196.jpg;0000026.jpg;0000122.jpg;0000053.jpg;0000111.jpg,2404.2698;2465.2800;2479.6997;2553.3623;2265.2275;2684.5005;2719.2285;2732.9736;2827.8572;2856.1292;2909.9194;2936.9097;2963.2903;2994.1162;3074.9810;3102.2625;3130.0515;3137.8052;3157.2832;3171.7681,0.1211;0.0000;0.1729;0.1688;10.0174;1.0126;0.1276;0.1579;0.2208;0.1315;0.1688;0.2600;0.2100;0.2850;0.1433;0.1261;0.1441;0.2208;0.1433;0.1433,0.8890;0.8455;0.8292;0.7725;0.7000;0.6459;0.6456;0.6341;0.5589;0.5398;0.4971;0.4736;0.4547;0.4286;0.3704;0.3499;0.3279;0.3196;0.3069;0.2957
0000026_bright.jpg,bright,0000026.jpg,4,0000411.jpg,669.8197631835938,0.19416666666666665,0.84077936,0000411.jpg;0000051.jpg;0000487.jpg;0000026.jpg;0000122.jpg;0000118.jpg;0000253.jpg;0000025.jpg;0000111.jpg;0000267.jpg;0000133.jpg;0000196.jpg;0000333.jpg;0000053.jpg;0000204.jpg;0000191.jpg;0000229.jpg;0000046.jpg;0000569.jpg;0000017.jpg,669.8198;777.2125;976.2150;25.0495;1502.3955;1856.7444;1879.5742;1909.4869;1901.7067;2025.7452;2080.1765;2123.1265;2214.3721;2286.2781;2398.3782;2573.1809;2628.8594;2641.4678;2763.4834;2934.4443,0.1942;0.1269;0.3410;8.5336;0.0789;0.1276;0.1051;0.1315;0.2025;0.0869;0.1915;0.1514;0.1425;0.2458;0.1261;0.1051;0.1729;0.2293;0.1817;0.2100,0.8408;0.8173;0.7619;0.7000;0.6446;0.5576;0.5529;0.5447;0.5441;0.5183;0.5015;0.4926;0.4710;0.4500;0.4273;0.3860;0.3702;0.3652;0.3375;0.2953
0000026_flip.jpg,flip,0000026.jpg,1,0000026.jpg,84.34455871582031,0.1175609756097561,0.8335965,0000026.jpg;0000487.jpg;0000051.jpg;0000411.jpg;0000111.jpg;0000267.jpg;0000196.jpg;0000118.jpg;0000253.jpg;0000025.jpg;0000122.jpg;0000333.jpg;0000204.jpg;0000053.jpg;0000133.jpg;0000229.jpg;0000046.jpg;0000191.jpg;0000569.jpg;0000017.jpg,84.3446;919.7571;708.5065;633.0062;1905.1949;1882.5848;2042.0730;1627.4506;1832.2043;1764.4601;1500.3704;2107.0046;2381.8296;2238.3804;1870.0812;2645.9028;2515.3159;2404.3413;2659.8574;2937.1194,0.1176;0.0848;0.1261;0.1766;0.0000;0.0631;0.0631;0.1638;0.1375;0.1596;0.2119;0.1375;0.1100;0.1350;0.2119;0.1212;0.1514;0.1911;0.1792;0.1514,0.8336;0.6750;0.6683;0.6154;0.5532;0.4695;0.4304;0.3894;0.3765;0.3619;0.3525;0.3091;0.2806;0.2804;0.2618;0.1999;0.1893;0.1603;0.1144;0.0857
0000026_rot90.jpg,rot90,0000026.jpg,7,0000487.jpg,1038.203125,0.3634523809523809,0.9897525,0000487.jpg;0000411.jpg;0000051.jpg;0000229.jpg;0000196.jpg;0000053.jpg;0000026.jpg;0000118.jpg;0000122.jpg;0000111.jpg;0000267.jpg;0000025.jpg;0000050.jpg;0000133.jpg;0000046.jpg;0000253.jpg;0000548.jpg;0000333.jpg;0000569.jpg;0000191.jpg,1038.2031;1319.4543;1371.0244;2039.5624;2037.8811;2090.7554;1417.8125;2146.0796;2139.0752;2191.9121;2233.9761;2257.6814;2264.6382;2322.3381;2477.1978;2484.3623;2530.3220;2533.4514;2574.4673;2715.5063,0.3635;0.2102;0.1269;0.0675;0.1441;0.1911;9.7841;0.0303;0.1304;0.1350;0.1167;0.1915;0.1400;0.2877;0.1514;0.1261;0.1261;0.2017;0.2363;0.1150,0.9898;0.8771;0.8581;0.5810;0.5793;0.5558;0.5416;0.5376;0.5375;0.5153;0.4983;0.4861;0.4848;0.4562;0.3957;0.3935;0.3743;0.3707;0.3525;0.2974
0000046_bright.jpg,bright,0000046.jpg,2,0000569.jpg,899.2901000976562,0.14407894736842106,0.80376744,0000569.jpg;0000046.jpg;0000191.jpg;0000118.jpg;0000133.jpg;0000333.jpg;0000196.jpg;0000025.jpg;0000411.jpg;0000487.jpg;0000122.jpg;0000267.jpg;0000053.jpg;0000051.jpg;0000111.jpg;0000253.jpg;0000548.jpg;0000229.jpg;0000026.jpg;0000204.jpg,899.2901;230.4246;1324.3691;1501.0571;1497.0430;1494.5125;1856.3291;1897.5801;2065.3132;2080.6724;2203.3408;2206.8594;2242.6660;2280.7397;2368.0034;2387.0400;2415.3918;2532.9106;2645.1436;2727.2559,0.1441;4.9611;0.0252;0.0000;0.1514;0.2048;0.0638;0.1918;0.1529;0.1596;0.1729;0.1792;0.1596;0.1529;0.1918;0.1433;0.1915;0.1433;0.1261;0.1638,0.8038;0.7000;0.6918;0.6438;0.6357;0.6332;0.5403;0.5210;0.4763;0.4716;0.4364;0.4351;0.4262;0.4159;0.3891;0.3867;0.3759;0.3458;0.3154;0.2901
0000046_flip.jpg,flip,0000046.jpg,1,0000046.jpg,84.18804931640625,0.13416666666666666,0.8848094,0000046.jpg;0000569.jpg;0000118.jpg;0000191.jpg;0000333.jpg;0000196.jpg;0000133.jpg;0000025.jpg;0000122.jpg;0000026.jpg;0000267.jpg;0000053.jpg;0000548.jpg;0000411.jpg;0000229.jpg;0000253.jpg;0000487.jpg;0000051.jpg;0000111.jpg;0000204.jpg,84.1880;705.9558;1611.9412;1468.8911;1551.6663;1789.4734;1623.7102;1954.4470;2089.7178;2691.2590;2173.9836;2175.7832;2231.9976;2241.8198;2582.3613;2305.1257;2217.4639;2497.0493;2175.7432;2612.7964,0.1342;0.1400;0.1146;0.1579;0.1596;0.1514;0.1911;0.1579;0.1638;0.0526;0.1514;0.1638;0.1792;0.1792;0.1375;0.1918;0.2119;0.1792;0.2650;0.2398,0.8848;0.7096;0.5022;0.4796;0.4549;0.4026;0.3911;0.3492;0.3044;0.3000;0.2994;0.2813;0.2446;0.2419;0.2093;0.2071;0.2022;0.1734;0.1384;0.0567
0000046_rot90.jpg,rot90,0000046.jpg,6,0000569.jpg,2021.8271484375,0.15136363636363637,0.90099084,0000569.jpg;0000548.jpg;0000196.jpg;0000053.jpg;0000050.jpg;0000046.jpg;0000171.jpg;0000229.jpg;0000191.jpg;0000333.jpg;0000118.jpg;0000133.jpg;0000487.jpg;0000111.jpg;0000122.jpg;0000267.jpg;0000025.jpg;0000411.jpg;0000253.jpg;0000003.jpg,2021.8271;2152.7217;2196.6841;2304.0649;2377.2410;1814.4761;2512.2737;2612.5667;2631.9832;2685.7705;2823.7063;2877.3428;2920.4954;3014.3684;3087.4810;3111.2800;3151.8923;3247.7024;3322.6201;3350.8547,0.1514;0.1911;0.1009;0.1792;0.1315;10.0097;0.1433;0.0000;0.2100;0.1792;0.1261;0.1529;0.1167;0.2048;0.1681;0.1579;0.1596;0.1211;0.1276;0.2322,0.9010;0.8402;0.8228;0.7716;0.7397;0.7000;0.6778;0.6364;0.6212;0.5977;0.5364;0.5112;0.4926;0.4472;0.4150;0.4044;0.3859;0.3434;0.3090;0.2930
0000050_bright.jpg,bright,0000050.jpg,3,0000229.jpg,571.5851440429688,0.5148058252427185,0.8758745,0000229.jpg;0000053.jpg;0000050.jpg;0000196.jpg;0000548.jpg;0000333.jpg;0000191.jpg;0000487.jpg;0000017.jpg;0000046.jpg;0000171.jpg;0000051.jpg;0000411.jpg;0000316.jpg;0000122.jpg;0000026.jpg;0000569.jpg;0000111.jpg;0000118.jpg;0000133.jpg,571.5851;1444.6436;78.8008;1556.2988;2466.8745;2692.3445;2829.5325;2875.6465;2885.9014;2881.2800;2918.7798;3030.1387;3039.4883;3081.1221;3107.2405;3156.8955;3216.4634;3226.7739;3285.7756;3422.9746,0.5148;0.1315;5.8108;0.1375;0.2048;0.1315;0.1433;0.1529;0.1167;0.2600;0.1276;0.1767;0.1767;0.1911;0.1441;0.1441;0.1767;0.2048;0.1276;0.1638,0.8759;0.7133;0.7000;0.6896;0.4955;0.4522;0.4228;0.4127;0.4124;0.4058;0.4050;0.3791;0.3771;0.3676;0.3646;0.3543;0.3401;0.3364;0.3281;0.2975
0000050_flip.jpg,flip,0000050.jpg,1,0000050.jpg,91.70539855957031,0.1556896551724138,0.81481844,0000050.jpg;0000229.jpg;0000196.jpg;0000053.jpg;0000017.jpg;0000026.jpg;0000333.jpg;0000548.jpg;0000487.jpg;0000191.jpg;0000046.jpg;0000316.jpg;0000569.jpg;0000051.jpg;0000111.jpg;0000171.jpg;0000122.jpg;0000411.jpg;0000118.jpg;0000133.jpg,91.7054;558.5385;1463.4827;1333.6742;2981.3059;3112.4780;2791.7439;2494.4937;2875.1519;2928.6978;2945.6211;3110.5471;3271.6946;3015.0464;3256.9192;2911.1143;3159.7388;3047.6853;3318.2583;3445.9265,0.1557;0.2522;0.1441;0.2234;0.0000;0.0000;0.1375;0.2025;0.1638;0.1688;0.1767;0.1596;0.1596;0.2048;0.1688;0.2322;0.2048;0.2322;0.1911;0.1792,0.8148;0.6026;0.5423;0.4751;0.3970;0.3696;0.2730;0.2577;0.2242;0.2072;0.1943;0.1802;0.1466;0.1463;0.1387;0.1354;0.1161;0.1069;0.0994;0.0869
0000050_rot90.jpg,rot90,0000050.jpg,4,0000229.jpg,621.90869140625,0.6500630252100841,0.91143674,0000229.jpg;0000053.jpg;0000196.jpg;0000050.jpg;0000333.jpg;0000548.jpg;0000191.jpg;0000487.jpg;0000046.jpg;0000411.jpg;0000026.jpg;0000171.jpg;0000051.jpg;0000017.jpg;0000122.jpg;0000569.jpg;0000111.jpg;0000316.jpg;0000118.jpg;0000133.jpg,621.9087;1293.0986;1348.1770;328.3239;2440.8613;2494.7354;2563.5271;2687.4724;2766.2295;2850.7949;2880.4360;2912.6445;2910.8987;3000.0022;3048.9087;3088.1860;3146.8411;3180.9424;3180.2041;3327.7461,0.6501;0.1433;0.1441;9.7281;0.0825;0.0606;0.1688;0.0000;0.1688;0.2208;0.1596;0.1767;0.1918;0.0526;0.1514;0.1529;0.1918;0.1918;0.2600;0.1100,0.9114;0.7704;0.7575;0.7000;0.5044;0.4925;0.4731;0.4494;0.4258;0.4045;0.3995;0.3914;0.3914;0.3749;0.3604;0.3512;0.3363;0.3283;0.3264;0.2966
0000051_bright.jpg,bright,0000051.jpg,4,0000411.jpg,310.5927734375,0.6932396449704141,0.9079011,0000411.jpg;0000026.jpg;0000487.jpg;0000051.jpg;0000118.jpg;0000025.jpg;0000133.jpg;0000122.jpg;0000333.jpg;0000111.jpg;0000267.jpg;0000253.jpg;0000191.jpg;0000569.jpg;0000046.jpg;0000196.jpg;0000204.jpg;0000053.jpg;0000229.jpg;0000548.jpg,310.5928;722.2651;787.9425;29.9871;1455.1635;1600.1978;1633.3278;1641.0352;1920.5557;1988.7710;2067.9741;2109.1128;2152.6423;2465.6541;2464.6592;2475.6069;2556.3083;2608.1660;2617.6594;2792.6870,0.6932;0.1681;0.0814;8.8215;0.1261;0.1441;0.1261;0.1454;0.1514;0.1579;0.1315;0.2208;0.2048;0.1261;0.1650;0.1579;0.1375;0.1792;0.1688;0.1915,0.9079;0.8216;0.8080;0.7000;0.6374;0.6000;0.5922;0.5896;0.5186;0.5011;0.4819;0.4684;0.4579;0.3813;0.3802;0.3777;0.3580;0.3434;0.3414;0.2962
0000051_flip.jpg,flip,0000051.jpg,2,0000411.jpg,280.6298828125,0.1211111111111111,0.8038751,0000411.jpg;0000051.jpg;0000026.jpg;0000133.jpg;0000487.jpg;0000025.jpg;0000118.jpg;0000122.jpg;0000333.jpg;0000191.jpg;0000253.jpg;0000111.jpg;0000196.jpg;0000267.jpg;0000569.jpg;0000204.jpg;0000229.jpg;0000046.jpg;0000548.jpg;0000053.jpg,280.6299;78.7991;737.6548;1606.7937;819.6871;1604.5526;1462.3242;1727.3102;1823.1035;2124.4446;2153.9917;2076.1282;2405.8906;2061.6021;2502.6597;2595.2598;2513.4238;2411.8550;2799.5886;2554.9563,0.1211;0.1766;0.1350;0.0288;0.1688;0.1146;0.1529;0.1375;0.1315;0.1350;0.1315;0.1688;0.1514;0.2150;0.1514;0.1596;0.1792;0.2150;0.1638;0.2208,0.8039;0.7691;0.6646;0.6069;0.5908;0.4734;0.4503;0.4061;0.3907;0.3078;0.3056;0.2675;0.2098;0.1990;0.1849;0.1483;0.1387;0.1089;0.0890;0.0629
0000051_rot90.jpg,rot90,0000051.jpg,4,0000487.jpg,1459.9453125,0.10875,0.99945664,0000487.jpg;0000411.jpg;0000026.jpg;0000051.jpg;0000229.jpg;0000050.jpg;0000196.jpg;0000053.jpg;0000118.jpg;0000133.jpg;0000025.jpg;0000267.jpg;0000122.jpg;0000111.jpg;0000333.jpg;0000548.jpg;0000191.jpg;0000046.jpg;0000253.jpg;0000569.jpg,1459.9453;1630.1416;1953.2123;1483.7122;2227.6069;2333.4790;2349.2422;2367.0754;2364.9924;2475.8174;2552.3474;2665.6370;2691.0144;2724.4360;2768.7681;2770.7993;2864.0259;2886.8457;2946.2078;2993.3892,0.1087;0.7135;0.1350;9.9824;0.1742;0.2600;0.1817;0.1304;0.1792;0.1688;0.2322;0.1118;0.1221;0.1382;0.1688;0.1918;0.1350;0.0908;0.2208;0.1514,0.9995;0.9034;0.7735;0.6892;0.6470;0.5961;0.5913;0.5847;0.5842;0.5339;0.4970;0.4490;0.4371;0.4213;0.4002;0.3985;0.3577;0.3486;0.3176;0.2982
0000053_bright.jpg,bright,0000053.jpg,3,0000050.jpg,1238.950927734375,0.0,0.7920445,0000050.jpg;0000196.jpg;0000053.jpg;0000229.jpg;0000333.jpg;0000487.jpg;0000122.jpg;0000026.jpg;0000191.jpg;0000017.jpg;0000548.jpg;0000411.jpg;0000046.jpg;0000051.jpg;0000111.jpg;0000316.jpg;0000171.jpg;0000267.jpg;0000118.jpg;0000569.jpg,1238.9509;859.7340;469.2759;1756.1206;2442.9072;2572.1680;2624.1802;2605.9783;2635.5981;2643.4331;2653.0474;2690.0728;2744.4810;2753.1572;2781.1240;2999.7290;3010.7344;3009.0322;3023.5303;3060.0835,0.0000;2.2699;5.0310;0.1638;0.2625;0.1167;0.1009;0.1915;0.0757;0.1596;0.1817;0.1575;0.1638;0.1433;0.2208;0.1911;0.1911;0.2100;0.1529;0.2208,0.7920;0.7591;0.7000;0.6425;0.4511;0.4249;0.4118;0.4113;0.4102;0.4031;0.3991;0.3906;0.3755;0.3744;0.3622;0.3049;0.3019;0.3013;0.3008;0.2868
0000053_flip.jpg,flip,0000053.jpg,1,0000053.jpg,134.6652374267578,0.1376470588235294,0.84268904,0000053.jpg;0000196.jpg;0000050.jpg;0000229.jpg;0000316.jpg;0000046.jpg;0000411.jpg;0000122.jpg;0000548.jpg;0000026.jpg;0000333.jpg;0000191.jpg;0000487.jpg;0000111.jpg;0000267.jpg;0000017.jpg;0000051.jpg;0000133.jpg;0000569.jpg;0000118.jpg,134.6652;319.1638;1297.2638;1667.8704;2896.7148;2305.1980;2503.5942;2511.2673;2513.9819;2382.3706;2270.0054;2422.5632;2402.4688;2689.3770;2795.4712;2612.2607;2665.6648;2925.7856;2753.5278;2808.1340,0.1376;0.1375;0.1911;0.1211;0.0000;0.1350;0.1638;0.1792;0.1792;0.2100;0.2398;0.2100;0.2322;0.1792;0.1638;0.2048;0.2322;0.1767;0.2625;0.2600,0.8427;0.7966;0.4901;0.4771;0.3073;0.3014;0.2186;0.1992;0.1985;0.1963;0.1904;0.1862;0.1658;0.1545;0.1454;0.1446;0.0998;0.0981;0.0432;0.0324
0000053_rot90.jpg,rot90,0000053.jpg,3,0000050.jpg,1058.681884765625,0.20480769230769233,0.83497787,0000050.jpg;0000196.jpg;0000053.jpg;0000229.jpg;0000548.jpg;0000017.jpg;0000046.jpg;0000333.jpg;0000316.jpg;0000487.jpg;0000122.jpg;0000026.jpg;0000171.jpg;0000191.jpg;0000411.jpg;0000051.jpg;0000111.jpg;0000118.jpg;0000267.jpg;0000569.jpg,1058.6819;805.4221;476.1190;1641.2734;2447.9946;2580.1030;2601.5874;2639.6931;2724.7432;2748.9565;2773.9502;2776.9385;2778.2012;2814.9751;2846.4224;2923.2083;2962.8997;3017.5574;3038.5210;3043.9890,0.2048;3.8616;9.8849;0.1350;0.1911;0.1350;0.1688;0.1514;0.2877;0.1817;0.0000;0.1792;0.2625;0.1375;0.0000;0.1514;0.2100;0.1688;0.1688;0.1375,0.8350;0.7930;0.7000;0.6783;0.4567;0.4224;0.4155;0.4056;0.3783;0.3749;0.3736;0.3674;0.3645;0.3583;0.3539;0.3283;0.3157;0.3021;0.2964;0.2958
0000111_bright.jpg,bright,0000111.jpg,2,0000122.jpg,656.0816650390625,1.7814882943143813,0.77217066,0000122.jpg;0000111.jpg;0000253.jpg;0000267.jpg;0000025.jpg;0000569.jpg;0000487.jpg;0000411.jpg;0000118.jpg;0000026.jpg;0000204.jpg;0000046.jpg;0000051.jpg;0000133.jpg;0000333.jpg;0000191.jpg;0000017.jpg;0000003.jpg;0000053.jpg;0000196.jpg,656.0817;123.8486;1840.9924;1969.7554;1975.1829;2002.0125;2042.8945;2028.6531;2054.4014;2111.5659;2148.9600;2171.0840;2185.9155;2304.7192;2379.7803;2664.1904;2706.1033;2714.2190;2722.2830;2754.6167,1.7815;6.1992;0.1579;0.1596;0.1915;0.1911;0.0526;0.1767;0.2398;0.1688;0.0000;0.1688;0.2398;0.1688;0.1911;0.1315;0.1167;0.1650;0.1261;0.1514,0.7722;0.7000;0.5355;0.5011;0.4981;0.4910;0.4868;0.4846;0.4747;0.4629;0.4612;0.4471;0.4397;0.4115;0.3905;0.3177;0.3073;0.3028;0.3025;0.2927
0000111_flip.jpg,flip,0000111.jpg,1,0000111.jpg,192.0615234375,0.17767241379310345,0.79499334,0000111.jpg;0000122.jpg;0000411.jpg;0000253.jpg;0000118.jpg;0000204.jpg;0000026.jpg;0000487.jpg;0000051.jpg;0000133.jpg;0000003.jpg;0000025.jpg;0000333.jpg;0000267.jpg;0000569.jpg;0000053.jpg;0000196.jpg;0000017.jpg;0000046.jpg;0000191.jpg,192.0615;518.4592;1907.6591;1602.2260;1874.4899;1815.0178;1956.6423;1926.0754;2093.5481;2146.2314;2720.0278;1854.1201;2341.7192;1857.4380;2084.2532;2498.5469;2511.5972;2482.8726;2125.7725;2704.7512,0.1777;0.1184;0.0727;0.1817;0.1212;0.1514;0.1261;0.1471;0.1125;0.1350;0.0000;0.2119;0.1051;0.2293;0.1766;0.1315;0.1433;0.1579;0.2600;0.1441,0.7950;0.7729;0.4410;0.3999;0.3943;0.3759;0.3659;0.3501;0.3437;0.3031;0.3000;0.2952;0.2835;0.2743;0.2723;0.2095;0.1923;0.1835;0.1646;0.1380
0000111_rot90.jpg,rot90,0000111.jpg,4,0000487.jpg,1656.7342529296875,0.15955882352941178,0.8775601,0000487.jpg;0000122.jpg;0000411.jpg;0000111.jpg;0000051.jpg;0000026.jpg;0000196.jpg;0000118.jpg;0000267.jpg;0000025.jpg;0000053.jpg;0000253.jpg;0000133.jpg;0000569.jpg;0000046.jpg;0000229.jpg;0000050.jpg;0000204.jpg;0000548.jpg;0000333.jpg,1656.7343;1686.9459;1966.8835;1436.3071;2049.7297;2140.0366;2222.9473;2248.5364;2265.0354;2278.5122;2290.0178;2386.1353;2390.5183;2410.7686;2440.6707;2486.6992;2575.5151;2662.4902;2695.5168;2708.5991,0.1596;2.2006;0.1350;10.0125;0.1514;0.1375;0.2208;0.1767;0.1529;0.1688;0.1529;0.1529;0.1596;0.2048;0.1688;0.1212;0.1650;0.1817;0.2048;0.1638,0.8776;0.7990;0.7077;0.7000;0.6616;0.6123;0.5642;0.5514;0.5431;0.5352;0.5293;0.4765;0.4738;0.4613;0.4460;0.4221;0.3719;0.3235;0.3047;0.2987
0000118_bright.jpg,bright,0000118.jpg,3,0000133.jpg,301.2467041015625,1.611653290529695,0.8771285,0000133.jpg;0000025.jpg;0000118.jpg;0000411.jpg;0000253.jpg;0000051.jpg;0000267.jpg;0000333.jpg;0000046.jpg;0000191.jpg;0000569.jpg;0000122.jpg;0000026.jpg;0000487.jpg;0000111.jpg;0000204.jpg;0000003.jpg;0000523.jpg;0000149.jpg;0000196.jpg,301.2467;637.9377;53.8348;1347.5034;1363.4941;1363.0916;1419.9113;1454.4255;1591.4548;1615.9482;1631.5060;1706.1365;1797.6914;1807.5712;1889.6946;1908.6475;2426.6665;2524.9512;2715.6963;2697.0359,1.6117;0.0000;8.3637;0.1792;0.1638;0.1918;0.1767;0.1918;0.2100;0.1433;0.1918;0.1441;0.1596;0.1596;0.2600;0.1315;0.1167;0.1529;0.0000;0.2100,0.8771;0.8464;0.7000;0.6534;0.6497;0.6488;0.6344;0.6248;0.5881;0.5841;0.5782;0.5603;0.5357;0.5331;0.5079;0.5075;0.3718;0.3447;0.3000;0.2974
0000118_flip.jpg,flip,0000118.jpg,1,0000118.jpg,118.11214447021484,0.14706521739130435,0.83030933,0000118.jpg;0000133.jpg;0000411.jpg;0000253.jpg;0000051.jpg;0000025.jpg;0000191.jpg;0000333.jpg;0000267.jpg;0000046.jpg;0000569.jpg;0000026.jpg;0000111.jpg;0000122.jpg;0000487.jpg;0000204.jpg;0000523.jpg;0000003.jpg;0000196.jpg;0000149.jpg,118.1121;260.7320;1469.0195;1472.4221;1481.6884;672.1070;1682.4266;1511.2886;1511.0002;1651.7893;1744.3494;1929.1823;1998.4058;1833.7087;1985.0630;1990.5012;2552.8765;2466.7939;2679.8394;2716.3132,0.1471;0.1777;0.0000;0.0000;0.0000;0.2234;0.0000;0.0576;0.1441;0.1767;0.1792;0.1514;0.1638;0.2025;0.1688;0.1688;0.1433;0.2048;0.1792;0.2600,0.8303;0.7566;0.6360;0.6351;0.6326;0.5930;0.5785;0.5582;0.4585;0.3830;0.3551;0.3374;0.3044;0.3041;0.3023;0.3008;0.1786;0.1309;0.1031;0.0000
0000118_rot90.jpg,rot90,0000118.jpg,14,0000050.jpg,2198.40087890625,0.16875,0.9983725,0000050.jpg;0000229.jpg;0000487.jpg;0000133.jpg;0000196.jpg;0000053.jpg;0000051.jpg;0000548.jpg;0000411.jpg;0000333.jpg;0000046.jpg;0000569.jpg;0000025.jpg;0000118.jpg;0000122.jpg;0000191.jpg;0000111.jpg;0000026.jpg;0000267.jpg;0000171.jpg,2198.4009;2379.0537;2683.4727;2628.7053;2697.4285;2715.4058;2777.3611;2808.8198;2860.0281;2876.5796;2880.0535;2901.7939;2908.4983;2523.0332;2999.3682;3042.5840;3043.1968;3125.3328;3157.0244;3188.9868,0.1688;0.1638;0.1167;1.6507;0.2625;0.1441;0.2322;0.1918;0.1792;0.1918;0.2048;0.1911;0.1918;9.7172;0.1261;0.1375;0.1918;0.1596;0.1918;0.2625,0.9984;0.8709;0.6572;0.6480;0.6428;0.6338;0.5873;0.5663;0.5305;0.5184;0.5156;0.5006;0.4959;0.4706;0.4337;0.4028;0.4007;0.3436;0.3202;0.2954
0000122_bright.jpg,bright,0000122.jpg,2,0000111.jpg,473.01373291015625,1.9683369408369409,0.7969713,0000111.jpg;0000122.jpg;0000253.jpg;0000026.jpg;0000411.jpg;0000487.jpg;0000051.jpg;0000118.jpg;0000204.jpg;0000267.jpg;0000025.jpg;0000569.jpg;0000046.jpg;0000133.jpg;0000333.jpg;0000196.jpg;0000053.jpg;0000191.jpg;0000017.jpg;0000003.jpg,473.0137;76.4152;1590.6505;1636.0262;1651.0339;1732.1653;1759.1184;1775.9613;1812.4849;1846.6825;1873.0383;2046.2576;2055.3379;2086.1880;2211.1060;2438.1562;2492.7510;2496.1716;2592.7117;2946.3635,1.9683;5.4503;0.1817;0.1212;0.1529;0.1304;0.1400;0.1650;0.2293;0.1596;0.1018;0.1514;0.1529;0.1211;0.0576;0.1918;0.1688;0.1596;0.1915;0.1276,0.7970;0.7000;0.6238;0.6161;0.6106;0.5921;0.5850;0.5795;0.5670;0.5625;0.5593;0.5143;0.5120;0.5063;0.4793;0.4165;0.4045;0.4041;0.3788;0.2961
0000122_flip.jpg,flip,0000122.jpg,1,0000122.jpg,162.06382751464844,0.15955882352941178,0.91176474,0000122.jpg;0000111.jpg;0000026.jpg;0000051.jpg;0000253.jpg;0000267.jpg;0000204.jpg;0000025.jpg;0000411.jpg;0000569.jpg;0000487.jpg;0000133.jpg;0000196.jpg;0000333.jpg;0000046.jpg;0000053.jpg;0000017.jpg;0000118.jpg;0000003.jpg;0000191.jpg,162.0638;486.3920;1590.3309;1803.7180;1634.6099;1853.5585;1840.4370;1791.1013;1633.9308;2117.3579;1759.5062;2075.8281;2333.0156;2179.4385;2056.2029;2408.0435;2412.1548;1786.1426;2913.5625;2516.1904,0.1596;0.1441;0.1375;0.1261;0.1441;0.1425;0.1454;0.1514;0.1817;0.1412;0.1792;0.1596;0.1375;0.1650;0.1911;0.1688;0.1688;0.2322;0.1767;0.2398,0.9118;0.8701;0.6066;0.5824;0.5780;0.5265;0.5221;0.5189;0.4789;0.4628;0.4536;0.4249;0.4177;0.3842;0.3467;0.3161;0.3151;0.3068;0.1666;0.1011
0000122_rot90.jpg,rot90,0000122.jpg,7,0000111.jpg,1665.912841796875,2.1669350282485875,0.93818694,0000111.jpg;0000487.jpg;0000026.jpg;0000411.jpg;0000051.jpg;0000196.jpg;0000122.jpg;0000053.jpg;0000267.jpg;0000118.jpg;0000025.jpg;0000253.jpg;0000229.jpg;0000133.jpg;0000050.jpg;0000046.jpg;0000204.jpg;0000569.jpg;0000548.jpg;0000017.jpg,1665.9128;1877.1541;2140.6323;2179.7026;2220.4785;2293.8540;1772.0105;2325.1250;2359.2612;2424.3511;2425.8657;2573.4458;2622.1667;2640.8550;2671.3149;2809.5166;2812.8042;2843.1216;2874.6499;2944.7026,2.1669;0.1650;0.2675;0.1596;0.1441;0.1212;10.0499;0.1350;0.1276;0.1650;0.1596;0.1911;0.1596;0.1514;0.1688;0.1212;0.2017;0.1915;0.1454;0.1650,0.9382;0.8830;0.7357;0.7176;0.6957;0.6563;0.6419;0.6387;0.6203;0.5835;0.5828;0.5011;0.4754;0.4654;0.4482;0.3740;0.3698;0.3535;0.3376;0.2987
0000133_bright.jpg,bright,0000133.jpg,3,0000118.jpg,242.012451171875,1.8698484848484849,0.8888602,0000118.jpg;0000025.jpg;0000133.jpg;0000333.jpg;0000411.jpg;0000191.jpg;0000569.jpg;0000253.jpg;0000051.jpg;0000046.jpg;0000267.jpg;0000122.jpg;0000487.jpg;0000204.jpg;0000026.jpg;0000111.jpg;0000523.jpg;0000003.jpg;0000149.jpg;0000196.jpg,242.0125;757.1896;74.2427;1437.7395;1480.3817;1474.6003;1506.0779;1515.3608;1532.0210;1539.7644;1620.0531;1989.8610;1997.6653;2046.5785;2071.5662;2103.0718;2482.3135;2479.7104;2718.8865;2773.8381,1.8698;0.1514;8.2936;0.2234;0.1767;0.2398;0.1817;0.1596;0.1767;0.1792;0.1911;0.1375;0.1688;0.1596;0.1767;0.0000;0.1918;0.2150;0.1911;0.0550,0.8889;0.8174;0.7000;0.6384;0.6290;0.6282;0.6222;0.6205;0.6156;0.6135;0.5923;0.4983;0.4952;0.4828;0.4757;0.4739;0.3687;0.3685;0.3073;0.2980
0000133_flip.jpg,flip,0000133.jpg,1,0000133.jpg,106.7952651977539,0.16164634146341464,0.8152613,0000133.jpg;0000118.jpg;0000025.jpg;0000051.jpg;0000111.jpg;0000333.jpg;0000267.jpg;0000411.jpg;0000191.jpg;0000046.jpg;0000569.jpg;0000253.jpg;0000487.jpg;0000122.jpg;0000149.jpg;0000204.jpg;0000026.jpg;0000523.jpg;0000003.jpg;0000196.jpg,106.7953;244.4459;673.8708;1527.0536;2065.0569;1423.8297;1574.0071;1407.6332;1530.4910;1636.7635;1654.8433;1536.9583;1985.1887;1935.8799;2748.4321;2106.5283;1999.4961;2519.6101;2487.1797;2782.9746,0.1616;0.1974;0.1817;0.1153;0.0000;0.1529;0.1315;0.1767;0.1638;0.1400;0.1697;0.2048;0.1167;0.1638;0.0000;0.1514;0.1911;0.1514;0.1650;0.2625,0.8153;0.7384;0.6441;0.4968;0.4878;0.4808;0.4659;0.4578;0.4404;0.4398;0.4012;0.3919;0.3753;0.3343;0.3090;0.3039;0.2866;0.1959;0.1888;0.0000
0000133_rot90.jpg,rot90,0000133.jpg,8,0000050.jpg,2230.935302734375,0.2625,0.97113156,0000050.jpg;0000118.jpg;0000487.jpg;0000051.jpg;0000229.jpg;0000411.jpg;0000025.jpg;0000133.jpg;0000196.jpg;0000053.jpg;0000333.jpg;0000046.jpg;0000569.jpg;0000026.jpg;0000267.jpg;0000122.jpg;0000191.jpg;0000548.jpg;0000111.jpg;0000253.jpg,2230.9353;2208.5562;2319.4736;2333.5955;2365.7217;2393.0051;2548.5815;2258.8682;2576.3047;2617.0891;2683.2212;2720.9326;2755.4258;2786.0303;2823.7515;2849.9915;2866.9009;2884.3701;2933.3062;2962.5425,0.2625;1.8409;0.1688;0.1433;0.1514;0.0000;0.1052;9.7322;0.1911;0.1729;0.2422;0.1514;0.1315;0.0000;0.0000;0.1441;0.2048;0.1915;0.2600;0.2100,0.9711;0.9433;0.8918;0.8795;0.8494;0.8288;0.6811;0.6533;0.6527;0.6154;0.5519;0.5196;0.4882;0.4639;0.4289;0.4001;0.3825;0.3667;0.3191;0.2935
0000149_bright.jpg,bright,0000149.jpg,6,0000523.jpg,457.3167724609375,0.22392857142857142,0.9024341,0000523.jpg;0000003.jpg;0000340.jpg;0000315.jpg;0000220.jpg;0000149.jpg;0000253.jpg;0000025.jpg;0000118.jpg;0000267.jpg;0000133.jpg;0000204.jpg;0000569.jpg;0000159.jpg;0000111.jpg;0000046.jpg;0000308.jpg;0000122.jpg;0000191.jpg;0000333.jpg,457.3168;497.1514;947.4366;1037.6589;1101.9299;43.0972;2602.3140;2661.2976;2731.9810;2750.3833;2749.4136;2896.8635;3014.5068;3087.7964;3109.1631;3184.2798;3253.2666;3300.5508;3312.3958;3334.1306,0.2239;0.3392;0.1167;0.1315;0.1765;4.8671;0.1441;0.1817;0.1638;0.1315;0.2048;0.1767;0.0727;0.1514;0.1911;0.1688;0.1261;0.1350;0.1792;0.1529,0.9024;0.8868;0.8049;0.7848;0.7683;0.7000;0.4512;0.4363;0.4224;0.4205;0.4161;0.3865;0.3680;0.3475;0.3404;0.3259;0.3139;0.3032;0.2980;0.2950
0000149_flip.jpg,flip,0000149.jpg,2,0000523.jpg,436.62066650390625,0.135,0.75719905,0000523.jpg;0000149.jpg;0000340.jpg;0000315.jpg;0000003.jpg;0000220.jpg;0000111.jpg;0000159.jpg;0000267.jpg;0000025.jpg;0000204.jpg;0000118.jpg;0000046.jpg;0000253.jpg;0000133.jpg;0000191.jpg;0000122.jpg;0000569.jpg;0000333.jpg;0000308.jpg,436.6207;119.2471;1044.5679;1144.5999;596.3292;1106.2415;3080.0984;3069.5327;2760.0039;2713.3562;2854.9731;2726.5244;3140.9026;2575.4878;2761.3906;3233.2656;3225.5781;3039.4263;3300.7571;3254.9897,0.1350;0.1695;0.0908;0.0958;0.1596;0.1514;0.0576;0.0825;0.1433;0.1529;0.1441;0.1579;0.1315;0.1915;0.1918;0.1575;0.1688;0.1915;0.1792;0.1911,0.7572;0.7498;0.7222;0.6890;0.6672;0.5733;0.3485;0.2953;0.2274;0.2163;0.2048;0.2023;0.1699;0.1604;0.1187;0.0916;0.0681;0.0583;0.0283;0.0117
0000149_rot90.jpg,rot90,0000149.jpg,6,0000003.jpg,2421.26611328125,0.5152631578947369,0.87686634,0000003.jpg;0000523.jpg;0000340.jpg;0000315.jpg;0000220.jpg;0000149.jpg;0000253.jpg;0000267.jpg;0000111.jpg;0000159.jpg;0000118.jpg;0000204.jpg;0000411.jpg;0000025.jpg;0000487.jpg;0000122.jpg;0000133.jpg;0000051.jpg;0000569.jpg;0000308.jpg,2421.2661;2454.5408;2537.8821;2575.3418;2757.8545;2194.6309;3265.2122;3294.2708;3376.4009;3395.3296;3398.0591;3401.5352;3406.1924;3415.7798;3506.8306;3516.7175;3515.6780;3540.1904;3621.3550;3622.5225,0.5153;0.3998;0.1261;0.1650;0.2562;10.0571;0.1400;0.1276;0.1514;0.1529;0.1375;0.1579;0.1454;0.1261;0.1375;0.1167;0.1514;0.1514;0.1454;0.2017,0.8769;0.8640;0.8314;0.8119;0.7197;0.7000;0.4745;0.4606;0.4196;0.4103;0.4094;0.4071;0.4052;0.4011;0.3561;0.3519;0.3513;0.3393;0.2997;0.2974
0000159_bright.jpg,bright,0000159.jpg,2,0000308.jpg,967.1279296875,0.21250000000000002,0.8261874,0000308.jpg;0000159.jpg;0000111.jpg;0000149.jpg;0000411.jpg;0000122.jpg;0000569.jpg;0000003.jpg;0000026.jpg;0000046.jpg;0000118.jpg;0000025.jpg;0000051.jpg;0000333.jpg;0000523.jpg;0000253.jpg;0000191.jpg;0000220.jpg;0000133.jpg;0000053.jpg,967.1279;250.9248;2855.0618;2932.4009;2969.5498;2981.3140;3003.6719;3052.7041;3071.1753;3107.4990;3169.5010;3155.4319;3177.2717;3169.5479;3197.7026;3209.5547;3244.2944;3255.0935;3256.3740;3283.6858,0.2125;7.4966;0.1433;0.1009;0.1792;0.2625;0.1638;0.1915;0.1529;0.1925;0.0000;0.1375;0.1638;0.2305;0.1638;0.1729;0.1767;0.1918;0.1918;0.1792,0.8262;0.7000;0.3932;0.3770;0.3653;0.3593;0.3581;0.3457;0.3429;0.3330;0.3264;0.3241;0.3180;0.3171;0.3133;0.3102;0.3020;0.2989;0.2986;0.2928
0000159_flip.jpg,flip,0000159.jpg,1,0000159.jpg,114.86915588378906,0.18166666666666664,0.7727014,0000159.jpg;0000308.jpg;0000026.jpg;0000051.jpg;0000025.jpg;0000046.jpg;0000411.jpg;0000523.jpg;0000118.jpg;0000333.jpg;0000253.jpg;0000196.jpg;0000122.jpg;0000569.jpg;0000111.jpg;0000487.jpg;0000149.jpg;0000053.jpg;0000003.jpg;0000220.jpg,114.8692;383.2706;3167.5251;3360.2539;3373.4678;3404.7520;3206.3091;3441.9092;3402.8691;3341.5488;3397.0752;3477.1870;3200.1279;3272.2480;3112.9216;3478.6177;3191.2717;3304.9243;3273.3408;3433.5474,0.1817;0.2363;0.0000;0.0000;0.1211;0.1441;0.1817;0.1433;0.1529;0.1638;0.1729;0.1638;0.2100;0.2048;0.2322;0.1911;0.2398;0.2234;0.2293;0.2100,0.7727;0.6486;0.3647;0.3246;0.1703;0.1351;0.1294;0.1283;0.1245;0.1235;0.1006;0.0953;0.0952;0.0867;0.0855;0.0609;0.0598;0.0567;0.0558;0.0466
0000159_rot90.jpg,rot90,0000159.jpg,3,0000308.jpg,3037.400634765625,0.30884328358208957,0.78533924,0000308.jpg;0000050.jpg;0000159.jpg;0000053.jpg;0000229.jpg;0000196.jpg;0000122.jpg;0000051.jpg;0000411.jpg;0000171.jpg;0000111.jpg;0000026.jpg;0000149.jpg;0000548.jpg;0000487.jpg;0000316.jpg;0000003.jpg;0000118.jpg;0000523.jpg;0000220.jpg,3037.4006;3054.9722;2644.5850;3313.8770;3354.5815;3568.8125;3570.3247;3579.3665;3589.2959;3594.2734;3617.6172;3630.2192;3735.5059;3772.1870;3781.9500;3804.0132;3910.2236;3943.0691;3986.4736;3986.6553,0.3088;0.1842;9.4785;0.1075;0.1688;0.1052;0.1918;0.1433;0.0000;0.1638;0.2208;0.1514;0.1911;0.2234;0.2100;0.1596;0.1350;0.2048;0.1350;0.1792,0.7853;0.7801;0.7000;0.6475;0.6243;0.5146;0.5111;0.5079;0.5073;0.4995;0.4855;0.4811;0.4249;0.4048;0.4001;0.3902;0.3356;0.3163;0.2958;0.2943
0000171_bright.jpg,bright,0000171.jpg,1,0000171.jpg,877.903564453125,3.401205501618123,0.7,0000171.jpg;0000548.jpg;0000053.jpg;0000050.jpg;0000196.jpg;0000487.jpg;0000316.jpg;0000111.jpg;0000569.jpg;0000122.jpg;0000051.jpg;0000046.jpg;0000229.jpg;0000411.jpg;0000191.jpg;0000333.jpg;0000267.jpg;0000118.jpg;0000133.jpg;0000017.jpg,877.9036;2350.3467;3315.6426;3431.9297;3436.8835;3491.2556;3514.5518;3551.4805;3579.1455;3641.2002;3694.2793;3688.3242;3705.7173;3790.9604;3767.8726;3793.5498;3867.2202;3829.5884;3912.0356;3893.5867,3.4012;0.8430;0.1514;0.0983;0.1471;0.1175;0.1863;0.2105;0.1601;0.1867;0.1533;0.1812;0.2048;0.1167;0.2363;0.1892;0.0575;0.1792;0.1315;0.1812,0.7000;0.5898;0.4292;0.4071;0.4016;0.3917;0.3801;0.3695;0.3676;0.3509;0.3416;0.3405;0.3344;0.3226;0.3172;0.3155;0.3103;0.3081;0.2934;0.2932
0000171_flip.jpg,flip,0000171.jpg,1,0000171.jpg,101.43628692626953,0.08045454545454546,0.9087965,0000171.jpg;0000548.jpg;0000191.jpg;0000487.jpg;0000046.jpg;0000229.jpg;0000053.jpg;0000333.jpg;0000050.jpg;0000569.jpg;0000026.jpg;0000051.jpg;0000411.jpg;0000316.jpg;0000111.jpg;0000196.jpg;0000118.jpg;0000133.jpg;0000122.jpg;0000025.jpg,101.4363;839.0701;3267.3037;2842.1313;2781.0898;2969.1196;2869.1377;3251.3706;2800.4385;2601.6208;3511.8215;3118.6685;3170.6104;3045.5249;3174.8838;2828.6665;3345.2637;3461.1885;3286.8523;3569.9036,0.0805;0.0682;0.0000;0.1050;0.1311;0.1087;0.1433;0.0848;0.1839;0.2305;0.0750;0.1753;0.1681;0.2025;0.2025;0.2646;0.1867;0.1842;0.2182;0.1792,0.9088;0.7738;0.3611;0.3278;0.3106;0.2980;0.2789;0.2681;0.2468;0.2341;0.2267;0.1923;0.1900;0.1763;0.1502;0.1496;0.1337;0.1132;0.1098;0.0969
0000171_rot90.jpg,rot90,0000171.jpg,2,0000548.jpg,1534.607666015625,1.8462433862433862,0.89830065,0000548.jpg;0000171.jpg;0000196.jpg;0000487.jpg;0000569.jpg;0000046.jpg;0000053.jpg;0000316.jpg;0000122.jpg;0000111.jpg;0000051.jpg;0000411.jpg;0000026.jpg;0000050.jpg;0000229.jpg;0000118.jpg;0000267.jpg;0000333.jpg;0000017.jpg;0000133.jpg,1534.6077;1420.7532;2663.8154;2714.0269;2715.1165;2736.9170;2809.8186;2892.4688;2968.9163;2980.6846;3016.9753;3036.0576;3061.4041;3221.5854;3308.2783;3319.4590;3352.6533;3359.1299;3408.4990;3441.5449,1.8462;8.4942;0.2894;0.1440;0.3601;0.1579;0.2119;0.1779;0.1812;0.1911;0.2171;0.2025;0.1994;0.1176;0.1052;0.1817;0.1375;0.1497;0.1579;0.1521,0.8983;0.7000;0.5628;0.5506;0.5425;0.5422;0.5150;0.4876;0.4610;0.4566;0.4431;0.4370;0.4283;0.3758;0.3462;0.3396;0.3296;0.3270;0.3096;0.2983
0000191_bright.jpg,bright,0000191.jpg,2,0000333.jpg,669.96728515625,0.09833333333333333,0.8787822,0000333.jpg;0000191.jpg;0000133.jpg;0000046.jpg;0000118.jpg;0000569.jpg;0000025.jpg;0000411.jpg;0000051.jpg;0000196.jpg;0000267.jpg;0000487.jpg;0000053.jpg;0000026.jpg;0000253.jpg;0000122.jpg;0000229.jpg;0000111.jpg;0000050.jpg;0000017.jpg,669.9673;197.3542;1537.0344;1663.8656;1649.4832;1718.4117;1775.6249;2000.5122;2101.6211;2201.0476;2245.0586;2256.6372;2428.3210;2493.8174;2510.5020;2526.9351;2575.6299;2687.4209;2851.2773;2926.5669,0.0983;4.9767;0.2208;0.1729;0.2600;0.2208;0.2270;0.2293;0.1767;0.1688;0.1767;0.1767;0.1911;0.1688;0.1918;0.1596;0.1792;0.1529;0.1529;0.2322,0.8788;0.7000;0.6489;0.6193;0.6176;0.6023;0.5873;0.5295;0.5068;0.4818;0.4700;0.4670;0.4221;0.4067;0.4010;0.3987;0.3850;0.3580;0.3160;0.2918
0000191_flip.jpg,flip,0000191.jpg,2,0000333.jpg,488.7101135253906,0.0,0.90920043,0000333.jpg;0000191.jpg;0000133.jpg;0000569.jpg;0000046.jpg;0000118.jpg;0000025.jpg;0000411.jpg;0000051.jpg;0000050.jpg;0000267.jpg;0000229.jpg;0000196.jpg;0000253.jpg;0000053.jpg;0000026.jpg;0000122.jpg;0000487.jpg;0000111.jpg;0000548.jpg,488.7101;125.8953;1430.8125;1418.7344;1442.4678;1585.5583;1793.2804;2034.4175;2162.1497;2922.9399;2318.7305;2600.3376;2077.9280;2453.3167;2374.1572;2541.6536;2533.5957;2309.3301;2581.6826;2912.9473,0.0000;0.1454;0.1638;0.1688;0.2048;0.1918;0.1911;0.1638;0.1433;0.0000;0.1688;0.1261;0.2625;0.1817;0.2025;0.1918;0.2048;0.2600;0.2100;0.2600,0.9092;0.8338;0.4862;0.4836;0.4364;0.4155;0.3643;0.3351;0.3266;0.3000;0.2584;0.2366;0.2115;0.2099;0.2059;0.1762;0.1634;0.1564;0.1454;0.0054
0000191_rot90.jpg,rot90,0000191.jpg,6,0000050.jpg,2383.159423828125,0.15785714285714286,0.9986833,0000050.jpg;0000196.jpg;0000053.jpg;0000229.jpg;0000333.jpg;0000191.jpg;0000548.jpg;0000569.jpg;0000046.jpg;0000487.jpg;0000133.jpg;0000118.jpg;0000171.jpg;0000051.jpg;0000411.jpg;0000267.jpg;0000025.jpg;0000111.jpg;0000122.jpg;0000316.jpg,2383.1594;2402.6235;2520.6260;2591.7485;2618.8354;2388.4211;2948.1824;3012.2158;3079.6274;3082.4624;3231.4775;3239.1448;3269.8193;3346.0068;3365.0142;3464.1675;3474.2803;3582.6445;3626.9275;3654.0090,0.1579;0.1350;0.2048;0.1918;0.1253;9.8197;0.2625;0.1529;0.1529;0.1638;0.1529;0.2600;0.1153;0.1650;0.1918;0.1918;0.2293;0.1529;0.1167;0.2100,0.9987;0.9887;0.9215;0.8827;0.8699;0.6971;0.6842;0.6523;0.6152;0.6133;0.5316;0.5240;0.5116;0.4681;0.4568;0.4022;0.3955;0.3381;0.3149;0.2971
0000196_bright.jpg,bright,0000196.jpg,3,0000053.jpg,350.8801574707031,2.687800788954635,0.84209317,0000053.jpg;0000050.jpg;0000196.jpg;0000229.jpg;0000333.jpg;0000487.jpg;0000191.jpg;0000046.jpg;0000026.jpg;0000411.jpg;0000548.jpg;0000122.jpg;0000017.jpg;0000051.jpg;0000569.jpg;0000111.jpg;0000267.jpg;0000118.jpg;0000133.jpg;0000316.jpg,350.8802;1286.2754;297.9595;1580.5747;2173.9373;2297.7612;2313.7173;2347.9031;2417.5288;2483.1348;2533.0491;2534.8408;2594.8730;2608.0947;2687.1958;2718.7427;2809.1663;2883.6338;2983.1094;2990.3115,2.6878;0.0000;5.5938;0.1433;0.1529;0.1075;0.1596;0.1638;0.1911;0.1792;0.1792;0.2322;0.1638;0.2398;0.1514;0.1638;0.2398;0.1918;0.0883;0.2048,0.8421;0.7430;0.7000;0.6588;0.5041;0.4743;0.4674;0.4582;0.4387;0.4223;0.4093;0.4060;0.3940;0.3865;0.3707;0.3618;0.3342;0.3174;0.2971;0.2890
0000196_flip.jpg,flip,0000196.jpg,1,0000196.jpg,158.3790283203125,0.14903225806451612,0.80747026,0000196.jpg;0000053.jpg;0000050.jpg;0000229.jpg;0000171.jpg;0000333.jpg;0000487.jpg;0000548.jpg;0000046.jpg;0000191.jpg;0000569.jpg;0000026.jpg;0000122.jpg;0000051.jpg;0000017.jpg;0000267.jpg;0000411.jpg;0000111.jpg;0000118.jpg;0000133.jpg,158.3790;311.1419;1298.5593;1523.9496;2894.4966;2212.6704;2269.0396;2387.5864;2211.7910;2271.8779;2592.4805;2308.4404;2511.9939;2560.8721;2716.3506;2724.2439;2456.0557;2682.2847;2764.5010;2902.0952,0.1490;0.1514;0.1688;0.1638;0.0000;0.1433;0.1375;0.1229;0.1596;0.1529;0.1433;0.2150;0.1767;0.1792;0.1688;0.1688;0.2322;0.2100;0.2208;0.2100,0.8075;0.7655;0.4911;0.4399;0.3019;0.2907;0.2839;0.2725;0.2700;0.2633;0.1938;0.1737;0.1713;0.1556;0.1294;0.1274;0.1138;0.0848;0.0498;0.0287
0000196_rot90.jpg,rot90,0000196.jpg,4,0000053.jpg,603.1569213867188,4.07035804816223,0.877546,0000053.jpg;0000050.jpg;0000229.jpg;0000196.jpg;0000548.jpg;0000046.jpg;0000191.jpg;0000333.jpg;0000487.jpg;0000171.jpg;0000017.jpg;0000569.jpg;0000411.jpg;0000316.jpg;0000051.jpg;0000122.jpg;0000118.jpg;0000026.jpg;0000133.jpg;0000111.jpg,603.1569;1096.7460;1529.4602;664.2441;2416.3394;2538.0847;2559.1082;2584.9409;2653.2202;2686.4375;2788.3079;2869.9441;2870.2380;2890.2097;2914.2024;2933.4600;2959.6445;2968.9680;3043.6497;3044.6753,4.0704;0.2100;0.1638;9.9720;0.1911;0.2322;0.2150;0.2025;0.2025;0.2600;0.1529;0.1688;0.1767;0.1792;0.0000;0.1638;0.0000;0.1596;0.0000;0.2100,0.8775;0.8522;0.7295;0.6825;0.4744;0.4383;0.4327;0.4257;0.4061;0.3949;0.3689;0.3450;0.3447;0.3389;0.3374;0.3270;0.3244;0.3169;0.3003;0.2937
0000204_bright.jpg,bright,0000204.jpg,2,0000253.jpg,558.6053466796875,1.5688977955911825,0.81380004,0000253.jpg;0000204.jpg;0000267.jpg;0000025.jpg;0000122.jpg;0000118.jpg;0000111.jpg;0000133.jpg;0000411.jpg;0000003.jpg;0000026.jpg;0000487.jpg;0000051.jpg;0000569.jpg;0000046.jpg;0000220.jpg;0000523.jpg;0000017.jpg;0000333.jpg;0000149.jpg,558.6053;52.9835;1260.5896;1651.4517;1696.5719;1880.4883;1909.3794;2027.0295;2391.4448;2423.0530;2441.3472;2506.9097;2543.9248;2570.6147;2610.9521;2634.3486;2673.5449;2745.3896;2765.4468;2852.3057,1.5689;7.8755;0.2118;0.3151;0.2100;0.1529;0.1918;0.2100;0.0000;0.0000;0.2208;0.0550;0.1211;0.1529;0.1792;0.1261;0.1767;0.2322;0.1688;0.1688,0.8138;0.7000;0.6900;0.5883;0.5810;0.5372;0.5285;0.4984;0.4152;0.4073;0.3944;0.3843;0.3725;0.3646;0.3535;0.3497;0.3380;0.3179;0.3153;0.2936
0000204_flip.jpg,flip,0000204.jpg,1,0000204.jpg,142.14767456054688,0.13863636363636364,0.8209004,0000204.jpg;0000253.jpg;0000118.jpg;0000267.jpg;0000003.jpg;0000025.jpg;0000122.jpg;0000046.jpg;0000111.jpg;0000333.jpg;0000411.jpg;0000133.jpg;0000149.jpg;0000017.jpg;0000569.jpg;0000523.jpg;0000487.jpg;0000026.jpg;0000051.jpg;0000220.jpg,142.1477;646.8634;2025.2778;1309.6183;2409.2815;1818.6940;1767.3982;2695.8491;2009.7527;2802.1321;2496.5039;2143.5496;2799.9834;2648.7939;2718.2188;2653.2869;2615.7791;2536.3174;2692.1387;2618.6782,0.1386;0.1697;0.0000;0.1911;0.0000;0.1315;0.1596;0.0000;0.1792;0.0675;0.1529;0.2322;0.1013;0.1596;0.1529;0.1729;0.1911;0.2100;0.1918;0.2322,0.8209;0.6480;0.5044;0.4459;0.4034;0.3889;0.3662;0.3280;0.2771;0.2128;0.1830;0.1733;0.1698;0.1342;0.1246;0.1158;0.1022;0.0987;0.0811;0.0483
0000204_rot90.jpg,rot90,0000204.jpg,16,0000267.jpg,2024.740234375,0.30425675675675673,0.9906306,0000267.jpg;0000253.jpg;0000025.jpg;0000118.jpg;0000133.jpg;0000487.jpg;0000003.jpg;0000220.jpg;0000111.jpg;0000340.jpg;0000315.jpg;0000411.jpg;0000122.jpg;0000523.jpg;0000051.jpg;0000204.jpg;0000149.jpg;0000196.jpg;0000053.jpg;0000050.jpg,2024.7402;2230.6448;2500.3418;2681.2520;2752.7056;2760.5144;2775.7871;2809.2009;2847.4036;2869.8752;2913.6060;2904.9883;2927.9414;2964.2725;2977.8406;2492.6399;3117.2158;3147.0337;3178.9688;3225.0820,0.3043;1.6139;0.3153;0.1792;0.2398;0.1212;0.2100;0.1918;0.2100;0.1918;0.0000;0.2600;0.2234;0.2100;0.1792;9.7421;0.2208;0.1792;0.1915;0.1918,0.9906;0.8302;0.7129;0.6116;0.5681;0.5672;0.5555;0.5366;0.5138;0.5012;0.4816;0.4787;0.4664;0.4456;0.4387;0.4271;0.3561;0.3400;0.3210;0.2941
0000220_bright.jpg,bright,0000220.jpg,6,0000315.jpg,671.8858032226562,0.19181818181818183,0.8605817,0000315.jpg;0000340.jpg;0000003.jpg;0000523.jpg;0000149.jpg;0000220.jpg;0000267.jpg;0000253.jpg;0000025.jpg;0000204.jpg;0000133.jpg;0000118.jpg;0000111.jpg;0000122.jpg;0000569.jpg;0000487.jpg;0000046.jpg;0000411.jpg;0000191.jpg;0000333.jpg,671.8858;709.4045;787.9906;977.6693;1056.1814;45.3319;2254.9751;2338.1760;2520.3462;2676.9758;2806.5210;2831.7183;2923.3909;3050.8035;3139.9312;3180.9822;3177.5730;3183.6355;3284.6782;3292.6604,0.1918;0.2100;0.2732;0.3461;0.1766;5.3862;0.1441;0.2322;0.1638;0.1514;0.1596;0.1918;0.1650;0.1350;0.1575;0.1153;0.1767;0.1767;0.1514;0.1441,0.8606;0.8515;0.8309;0.7859;0.7786;0.7000;0.5220;0.4991;0.4637;0.4307;0.4023;0.3950;0.3768;0.3510;0.3305;0.3241;0.3213;0.3200;0.2997;0.2984
0000220_flip.jpg,flip,0000220.jpg,1,0000220.jpg,84.85603332519531,0.15107142857142855,0.863848,0000220.jpg;0000149.jpg;0000340.jpg;0000315.jpg;0000003.jpg;0000523.jpg;0000267.jpg;0000253.jpg;0000025.jpg;0000111.jpg;0000204.jpg;0000118.jpg;0000487.jpg;0000122.jpg;0000411.jpg;0000026.jpg;0000133.jpg;0000569.jpg;0000191.jpg;0000046.jpg,84.8560;1158.3184;769.3265;711.7452;840.7006;1100.6841;2272.1570;2373.8320;2575.3230;3000.1592;2730.9551;2842.2373;3160.4082;3128.5745;3227.6729;3336.8594;2834.4236;3161.8167;3363.6943;3177.8162,0.1511;0.0606;0.1212;0.1514;0.1514;0.1454;0.1529;0.1441;0.1433;0.0908;0.1596;0.1514;0.1211;0.1454;0.1350;0.1315;0.2048;0.1596;0.1767;0.2600,0.8638;0.7708;0.7627;0.7295;0.7020;0.6555;0.3942;0.3857;0.3438;0.3321;0.2862;0.2747;0.2523;0.2225;0.2171;0.1989;0.1960;0.1942;0.1253;0.0397
0000220_rot90.jpg,rot90,0000220.jpg,6,0000340.jpg,1643.4561767578125,0.16875,0.9949837,0000340.jpg;0000315.jpg;0000003.jpg;0000149.jpg;0000523.jpg;0000220.jpg;0000267.jpg;0000253.jpg;0000025.jpg;0000204.jpg;0000118.jpg;0000050.jpg;0000133.jpg;0000487.jpg;0000111.jpg;0000229.jpg;0000053.jpg;0000017.jpg;0000411.jpg;0000569.jpg,1643.4562;1707.9653;1947.1427;2102.6482;2134.2737;1695.3269;2923.7856;3082.5852;3279.0469;3313.1079;3386.3076;3395.1265;3411.2715;3478.8589;3472.5273;3507.2908;3513.1040;3569.1245;3589.9714;3629.5449,0.1688;0.1911;0.2875;0.2674;0.4272;10.0921;0.1729;0.1211;0.1575;0.1375;0.1514;0.2100;0.1792;0.0000;0.1315;0.1638;0.2182;0.1441;0.1514;0.1575,0.9950;0.9716;0.8844;0.8302;0.8143;0.6817;0.5436;0.4892;0.4189;0.4074;0.3812;0.3764;0.3716;0.3531;0.3514;0.3382;0.3346;0.3170;0.3094;0.2953
0000229_bright.jpg,bright,0000229.jpg,2,0000050.jpg,676.279296875,0.63,0.8587953,0000050.jpg;0000229.jpg;0000196.jpg;0000053.jpg;0000333.jpg;0000191.jpg;0000487.jpg;0000548.jpg;0000046.jpg;0000411.jpg;0000051.jpg;0000026.jpg;0000569.jpg;0000118.jpg;0000122.jpg;0000133.jpg;0000111.jpg;0000017.jpg;0000171.jpg;0000267.jpg,676.2793;173.1394;1615.7629;1791.5092;2409.7065;2451.8669;2483.5000;2509.7571;2574.9312;2611.1938;2671.5317;2802.4126;2884.7363;2923.7891;2955.9211;3040.3030;3081.7188;3129.7336;3126.9299;3299.9502,0.6300;5.5076;0.1167;0.1729;0.1514;0.1596;0.1514;0.1638;0.1792;0.2100;0.1911;0.1514;0.1792;0.1514;0.2048;0.1792;0.1918;0.1729;0.2600;0.2025,0.8588;0.7000;0.6770;0.6346;0.4974;0.4875;0.4808;0.4743;0.4588;0.4490;0.4365;0.4095;0.3895;0.3823;0.3721;0.3546;0.3447;0.3350;0.3308;0.2952
0000229_flip.jpg,flip,0000229.jpg,1,0000229.jpg,114.04873657226562,0.15540697674418605,0.9042955,0000229.jpg;0000050.jpg;0000053.jpg;0000196.jpg;0000487.jpg;0000191.jpg;0000046.jpg;0000411.jpg;0000333.jpg;0000051.jpg;0000548.jpg;0000569.jpg;0000017.jpg;0000118.jpg;0000122.jpg;0000111.jpg;0000026.jpg;0000316.jpg;0000133.jpg;0000171.jpg,114.0487;604.9064;1774.2850;1670.4392;2415.7559;2522.5244;2726.6841;2507.2119;2466.3643;2568.9370;2467.3760;3016.8508;3099.3286;2970.0234;2979.8984;3053.0522;2680.8862;3250.8647;3109.0386;3029.5430,0.1554;0.1893;0.1052;0.1315;0.1529;0.1596;0.1375;0.1697;0.1817;0.1767;0.1918;0.1441;0.1433;0.1918;0.2100;0.2048;0.2625;0.2100;0.2322;0.2458,0.9043;0.7302;0.6295;0.6025;0.3955;0.3589;0.3554;0.3430;0.3293;0.3159;0.3097;0.2781;0.2611;0.1975;0.1606;0.1542;0.1272;0.1002;0.0894;0.0813
0000229_rot90.jpg,rot90,0000229.jpg,2,0000050.jpg,654.4464111328125,0.6209523809523809,0.9083971,0000050.jpg;0000229.jpg;0000196.jpg;0000053.jpg;0000333.jpg;0000191.jpg;0000548.jpg;0000487.jpg;0000411.jpg;0000051.jpg;0000046.jpg;0000026.jpg;0000569.jpg;0000171.jpg;0000118.jpg;0000122.jpg;0000111.jpg;0000133.jpg;0000017.jpg;0000316.jpg,654.4464;339.5353;1784.8861;1855.7997;2519.1958;2581.5400;2608.0801;2635.4333;2738.6453;2774.2419;2881.1956;2927.7849;3064.1260;3064.6826;3094.9189;3091.2900;3138.7793;3246.2100;3246.0388;3385.0132,0.6210;9.6918;0.1514;0.2150;0.0000;0.2322;0.2048;0.2293;0.2458;0.2322;0.1433;0.1596;0.1911;0.2398;0.1441;0.2600;0.1514;0.1350;0.1596;0.2048,0.9084;0.7000;0.6631;0.6448;0.4990;0.4775;0.4722;0.4652;0.4410;0.4332;0.4114;0.4002;0.3678;0.3662;0.3622;0.3595;0.3519;0.3277;0.3270;0.2937
0000253_bright.jpg,bright,0000253.jpg,2,0000204.jpg,438.97686767578125,1.513112691466083,0.842636,0000204.jpg;0000253.jpg;0000267.jpg;0000025.jpg;0000118.jpg;0000122.jpg;0000133.jpg;0000111.jpg;0000026.jpg;0000411.jpg;0000051.jpg;0000003.jpg;0000487.jpg;0000569.jpg;0000333.jpg;0000046.jpg;0000220.jpg;0000523.jpg;0000191.jpg;0000149.jpg,438.9769;59.2285;1170.2357;1357.9133;1483.3748;1535.8713;1632.4976;1762.8843;1998.1692;2088.5464;2255.4312;2264.6890;2261.1523;2363.5852;2387.1626;2393.3901;2460.6104;2519.5732;2639.4475;2697.0996,1.5131;8.0212;0.2300;0.2646;0.1688;0.1596;0.1911;0.2322;0.2398;0.0000;0.1911;0.1433;0.1688;0.1638;0.1441;0.1767;0.2048;0.1433;0.2322;0.1638,0.8426;0.7000;0.6966;0.6455;0.6158;0.6022;0.5754;0.5392;0.4765;0.4615;0.4101;0.4094;0.4094;0.3824;0.3769;0.3740;0.3551;0.3417;0.3066;0.2939
0000253_flip.jpg,flip,0000253.jpg,1,0000253.jpg,88.80642700195312,0.1304032258064516,0.8652292,0000253.jpg;0000204.jpg;0000267.jpg;0000025.jpg;0000026.jpg;0000133.jpg;0000118.jpg;0000046.jpg;0000122.jpg;0000149.jpg;0000111.jpg;0000411.jpg;0000003.jpg;0000220.jpg;0000569.jpg;0000523.jpg;0000340.jpg;0000487.jpg;0000333.jpg;0000051.jpg,88.8064;518.9285;997.8118;1271.1626;2003.7820;1554.1846;1408.1127;2397.6487;1569.0837;2502.1265;1774.1836;2080.3428;2075.7180;2271.1750;2375.2595;2326.5830;2548.7034;2280.7795;2332.4385;2269.7656,0.1304;0.1575;0.1087;0.1596;0.0000;0.1514;0.2650;0.0000;0.2398;0.0000;0.2322;0.1688;0.1918;0.1638;0.1514;0.1918;0.1375;0.2322;0.2208;0.2903,0.8652;0.7148;0.6290;0.4986;0.4551;0.4265;0.3507;0.3430;0.3310;0.3133;0.2804;0.2589;0.2364;0.2096;0.1929;0.1650;0.1579;0.1362;0.1333;0.0794
0000253_rot90.jpg,rot90,0000253.jpg,10,0000267.jpg,2046.8790283203125,0.30970588235294116,0.99040127,0000267.jpg;0000025.jpg;0000118.jpg;0000133.jpg;0000003.jpg;0000220.jpg;0000487.jpg;0000204.jpg;0000340.jpg;0000253.jpg;0000411.jpg;0000315.jpg;0000051.jpg;0000523.jpg;0000111.jpg;0000149.jpg;0000122.jpg;0000026.jpg;0000196.jpg;0000333.jpg,2046.8790;2430.5105;2561.5083;2608.5732;2656.6646;2655.5017;2670.5564;2635.8521;2728.4653;2277.5249;2758.1660;2791.2871;2813.1765;2819.0938;2877.1108;2938.9409;2992.1226;3091.3359;3104.4333;3128.1040,0.3097;0.2925;0.1767;0.1911;0.2119;0.2600;0.2025;1.5533;0.1767;9.6796;0.1767;0.2208;0.1276;0.1433;0.1433;0.0000;0.2208;0.1911;0.2458;0.1375,0.9904;0.7426;0.6613;0.6304;0.5986;0.5979;0.5899;0.5706;0.5533;0.5507;0.5340;0.5112;0.4999;0.4956;0.4581;0.4225;0.3812;0.3179;0.3077;0.2957
0000267_bright.jpg,bright,0000267.jpg,1,0000267.jpg,40.89482116699219,7.842797356828194,0.7,0000267.jpg;0000253.jpg;0000025.jpg;0000204.jpg;0000118.jpg;0000133.jpg;0000411.jpg;0000122.jpg;0000487.jpg;0000111.jpg;0000026.jpg;0000051.jpg;0000003.jpg;0000333.jpg;0000046.jpg;0000220.jpg;0000017.jpg;0000191.jpg;0000569.jpg;0000340.jpg,40.8948;1114.1604;1191.2881;1421.0569;1461.7991;1616.5740;1870.2480;1870.7876;1896.0754;1962.2684;2046.1267;2072.3352;2107.1565;2182.9448;2257.1553;2267.4014;2301.3726;2350.4929;2399.8489;2451.0840,7.8428;0.1867;0.9986;0.2102;0.1638;0.2398;0.2322;0.2322;0.1688;0.0717;0.1529;0.1915;0.1529;0.1433;0.2100;0.2208;0.1688;0.2100;0.1767;0.1441,0.7000;0.6838;0.6301;0.5938;0.5838;0.5359;0.4625;0.4623;0.4574;0.4420;0.4145;0.4054;0.3968;0.3751;0.3510;0.3476;0.3397;0.3239;0.3108;0.2972
0000267_flip.jpg,flip,0000267.jpg,1,0000267.jpg,90.7896728515625,0.14412162162162162,0.81381416,0000267.jpg;0000025.jpg;0000253.jpg;0000118.jpg;0000133.jpg;0000204.jpg;0000191.jpg;0000122.jpg;0000411.jpg;0000026.jpg;0000315.jpg;0000487.jpg;0000220.jpg;0000111.jpg;0000333.jpg;0000003.jpg;0000017.jpg;0000051.jpg;0000046.jpg;0000340.jpg,90.7897;1230.6914;1075.3983;1470.0104;1635.7216;1403.4263;2368.4258;1787.4116;1873.0425;1972.4043;2463.5078;1942.7576;2139.7422;1921.9673;2173.4539;2075.2725;2254.7825;2081.7534;2297.5869;2449.2332,0.1441;0.1375;0.2025;0.1911;0.1596;0.2200;0.0000;0.1433;0.1375;0.1454;0.0358;0.1596;0.1514;0.2322;0.1792;0.2048;0.1650;0.2100;0.1767;0.2119,0.8138;0.4861;0.4479;0.3463;0.3381;0.3285;0.3281;0.3143;0.2966;0.2570;0.2537;0.2475;0.1999;0.1598;0.1541;0.1500;0.1484;0.1413;0.1207;0.0304
0000267_rot90.jpg,rot90,0000267.jpg,2,0000487.jpg,2313.55419921875,0.22083333333333335,0.7405937,0000487.jpg;0000267.jpg;0000050.jpg;0000411.jpg;0000025.jpg;0000118.jpg;0000051.jpg;0000253.jpg;0000229.jpg;0000133.jpg;0000196.jpg;0000053.jpg;0000111.jpg;0000122.jpg;0000026.jpg;0000333.jpg;0000204.jpg;0000220.jpg;0000003.jpg;0000046.jpg,2313.5542;1950.4464;2467.7898;2481.5876;2491.0239;2540.8511;2550.1790;2552.0791;2558.0723;2599.1743;2605.4470;2608.5637;2633.3342;2661.9822;2780.9712;2846.4648;2844.0928;2893.8052;2911.2988;2955.7202,0.2208;10.0925;0.1915;0.2322;1.0453;0.0000;0.1350;0.3054;0.2508;0.1350;0.1688;0.1375;0.1276;0.2600;0.1915;0.1738;0.2312;0.1767;0.1638;0.1013,0.7406;0.7000;0.6341;0.6232;0.5925;0.5889;0.5784;0.5720;0.5694;0.5443;0.5389;0.5376;0.5207;0.4968;0.4160;0.3709;0.3709;0.3379;0.3261;0.2970
0000308_bright.jpg,bright,0000308.jpg,2,0000159.jpg,389.0339050292969,0.3158620689655172,0.95783246,0000159.jpg;0000308.jpg;0000149.jpg;0000003.jpg;0000523.jpg;0000411.jpg;0000569.jpg;0000111.jpg;0000118.jpg;0000025.jpg;0000333.jpg;0000133.jpg;0000253.jpg;0000122.jpg;0000046.jpg;0000220.jpg;0000051.jpg;0000026.jpg;0000191.jpg;0000315.jpg,389.0339;266.8792;2952.4202;3042.8118;3140.4036;3148.9712;3215.3252;3180.3608;3226.5420;3215.8311;3212.0459;3273.1824;3308.9788;3300.8760;3301.7275;3313.3904;3326.3721;3342.9849;3380.7747;3388.6099,0.3159;6.4129;0.1529;0.1350;0.2398;0.2398;0.0000;0.1918;0.0000;0.1514;0.2322;0.1918;0.1529;0.2322;0.2600;0.2208;0.2208;0.2625;0.2150;0.2293,0.9578;0.7000;0.3907;0.3712;0.3444;0.3425;0.3389;0.3377;0.3363;0.3317;0.3287;0.3169;0.3107;0.3088;0.3073;0.3065;0.3036;0.2980;0.2917;0.2893
0000308_flip.jpg,flip,0000308.jpg,1,0000308.jpg,62.61616516113281,0.1513888888888889,0.8269841,0000308.jpg;0000159.jpg;0000523.jpg;0000111.jpg;0000046.jpg;0000025.jpg;0000253.jpg;0000118.jpg;0000026.jpg;0000003.jpg;0000053.jpg;0000051.jpg;0000333.jpg;0000220.jpg;0000411.jpg;0000133.jpg;0000149.jpg;0000569.jpg;0000122.jpg;0000204.jpg,62.6162;509.6990;3400.0605;3419.3105;3578.4980;3435.7595;3418.8809;3463.0952;3546.7837;3328.4849;3596.1792;3534.6648;3473.1477;3602.2625;3423.0974;3498.5176;3224.7207;3429.3643;3504.6187;3506.7800,0.1514;0.1792;0.0000;0.0000;0.0000;0.0957;0.1350;0.1529;0.1441;0.2100;0.1638;0.1767;0.1911;0.1688;0.2100;0.2048;0.2625;0.2398;0.2322;0.2600,0.8270;0.7068;0.3400;0.3362;0.3047;0.2235;0.1820;0.1528;0.1463;0.1141;0.1140;0.1115;0.1072;0.1071;0.0954;0.0865;0.0747;0.0602;0.0539;0.0217
0000308_rot90.jpg,rot90,0000308.jpg,5,0000159.jpg,2647.0390625,0.32925925925925925,0.9940595,0000159.jpg;0000050.jpg;0000053.jpg;0000229.jpg;0000308.jpg;0000171.jpg;0000196.jpg;0000051.jpg;0000149.jpg;0000111.jpg;0000411.jpg;0000548.jpg;0000122.jpg;0000026.jpg;0000487.jpg;0000316.jpg;0000003.jpg;0000523.jpg;0000220.jpg;0000118.jpg,2647.0391;2938.9062;3341.6995;3359.6987;2901.1831;3516.0352;3629.8071;3650.1038;3677.0317;3681.7402;3692.7998;3694.0200;3726.4438;3769.7222;3833.2847;3848.5330;3860.9561;3947.5950;3975.4707;4024.2534,0.3293;0.1529;0.2048;0.2293;9.4958;0.1638;0.2208;0.2398;0.1911;0.2600;0.2398;0.2625;0.1918;0.2048;0.1441;0.2322;0.3250;0.1767;0.1638;0.1918,0.9941;0.8514;0.6450;0.6350;0.5708;0.5577;0.4980;0.4871;0.4750;0.4704;0.4654;0.4640;0.4498;0.4274;0.3971;0.3865;0.3772;0.3379;0.3242;0.2985
0000315_bright.jpg,bright,0000315.jpg,6,0000340.jpg,225.19168090820312,1.125456475583864,0.9060181,0000340.jpg;0000220.jpg;0000003.jpg;0000149.jpg;0000523.jpg;0000315.jpg;0000267.jpg;0000253.jpg;0000025.jpg;0000204.jpg;0000118.jpg;0000133.jpg;0000569.jpg;0000111.jpg;0000159.jpg;0000046.jpg;0000411.jpg;0000308.jpg;0000122.jpg;0000487.jpg,225.1917;687.5912;806.5032;1046.3154;1095.4785;75.3280;2479.1426;2676.7812;2705.5085;2925.0469;3011.1895;3007.9116;3344.9260;3396.5012;3532.9177;3529.2703;3621.4307;3643.2036;3615.8188;3710.6321,1.1255;0.1915;0.1315;0.1261;0.1688;5.1845;0.0819;0.1276;0.1276;0.0825;0.2048;0.2208;0.2398;0.2048;0.1596;0.2048;0.0606;0.0000;0.1514;0.1315,0.9060;0.8710;0.8516;0.8057;0.7938;0.7000;0.5324;0.4917;0.4862;0.4465;0.4228;0.4225;0.3565;0.3486;0.3250;0.3231;0.3137;0.3130;0.3095;0.2924
0000315_flip.jpg,flip,0000315.jpg,1,0000315.jpg,161.26580810546875,0.1281081081081081,0.9726792,0000315.jpg;0000340.jpg;0000003.jpg;0000149.jpg;0000220.jpg;0000523.jpg;0000267.jpg;0000253.jpg;0000025.jpg;0000133.jpg;0000118.jpg;0000569.jpg;0000204.jpg;0000046.jpg;0000191.jpg;0000111.jpg;0000159.jpg;0000122.jpg;0000308.jpg;0000411.jpg,161.2658;295.6179;877.3870;1097.4995;712.5520;1126.0886;2621.4167;2730.2881;2816.5610;3108.3901;3076.9790;3379.3679;2956.5471;3540.5876;3683.2368;3345.5146;3527.7107;3559.5469;3592.4114;3684.8794,0.1281;0.1631;0.1167;0.1146;0.1911;0.1766;0.1529;0.1688;0.1729;0.1575;0.1767;0.1596;0.2048;0.1514;0.1375;0.1767;0.1918;0.2208;0.2208;0.2625,0.9727;0.8749;0.8536;0.8140;0.7354;0.6826;0.4337;0.3799;0.3543;0.3276;0.2949;0.2696;0.2617;0.2542;0.2539;0.2416;0.1746;0.1094;0.1029;0.0000
0000315_rot90.jpg,rot90,0000315.jpg,6,0000340.jpg,1736.6629638671875,2.0728020713463753,0.94069916,0000340.jpg;0000220.jpg;0000003.jpg;0000149.jpg;0000523.jpg;0000315.jpg;0000267.jpg;0000025.jpg;0000253.jpg;0000204.jpg;0000133.jpg;0000118.jpg;0000050.jpg;0000569.jpg;0000111.jpg;0000487.jpg;0000229.jpg;0000053.jpg;0000411.jpg;0000159.jpg,1736.6630;2003.4131;2025.5337;2257.2329;2403.6694;1793.1729;2961.3398;3219.2251;3290.1597;3406.5828;3438.6562;3444.1909;3460.8997;3478.9053;3531.1721;3559.3267;3579.3115;3600.7368;3601.8496;3637.2688,2.0728;0.1817;0.1433;0.1792;0.0933;10.1074;0.1596;0.1433;0.0957;0.1087;0.1433;0.1817;0.1433;0.1514;0.1911;0.1514;0.2048;0.1792;0.2305;0.2600,0.9407;0.8991;0.8921;0.8057;0.7543;0.6792;0.5470;0.4525;0.4278;0.3845;0.3717;0.3685;0.3635;0.3566;0.3361;0.3270;0.3180;0.3109;0.3089;0.2950
0000316_bright.jpg,bright,0000316.jpg,1,0000316.jpg,104.85374450683594,5.808531746031746,0.7,0000316.jpg;0000017.jpg;0000053.jpg;0000196.jpg;0000548.jpg;0000267.jpg;0000050.jpg;0000026.jpg;0000171.jpg;0000487.jpg;0000411.jpg;0000122.jpg;0000051.jpg;0000229.jpg;0000111.jpg;0000025.jpg;0000046.jpg;0000118.jpg;0000333.jpg;0000569.jpg,104.8537;2184.2642;2787.8147;2801.4854;2863.0747;2928.1787;3042.6643;3075.7322;3150.4199;3192.4321;3200.0952;3213.6958;3221.1187;3221.8469;3263.1772;3283.5767;3370.1172;3370.6440;3377.3352;3457.6809,5.8085;0.0970;0.1650;0.1212;0.1221;0.1650;0.0000;0.2625;0.1792;0.1579;0.1792;0.1454;0.1638;0.2048;0.1596;0.1596;0.1375;0.1441;0.1441;0.1514,0.7000;0.5609;0.4313;0.4307;0.4178;0.4020;0.3866;0.3662;0.3549;0.3472;0.3445;0.3434;0.3409;0.3387;0.3324;0.3281;0.3112;0.3107;0.3093;0.2922
0000316_flip.jpg,flip,0000316.jpg,1,0000316.jpg,90.76499938964844,0.19136597938144329,0.7844989,0000316.jpg;0000026.jpg;0000017.jpg;0000548.jpg;0000569.jpg;0000267.jpg;0000196.jpg;0000487.jpg;0000050.jpg;0000053.jpg;0000333.jpg;0000411.jpg;0000171.jpg;0000229.jpg;0000122.jpg;0000025.jpg;0000046.jpg;0000118.jpg;0000051.jpg;0000111.jpg,90.7650;3065.0625;2270.0679;2737.8755;3367.1670;2912.3723;2838.9565;3143.6714;3111.8081;2867.1377;3311.3225;3153.6504;3030.3560;3265.0244;3147.1218;3249.7036;3312.1387;3335.2656;3176.8813;3184.8394,0.1914;0.0606;0.1766;0.1261;0.0526;0.1441;0.1729;0.1350;0.1529;0.1918;0.1350;0.1579;0.1767;0.1514;0.1792;0.1766;0.1688;0.1911;0.2208;0.2458,0.7845;0.3522;0.3418;0.3203;0.3000;0.2551;0.2260;0.2198;0.1989;0.1906;0.1840;0.1822;0.1793;0.1684;0.1505;0.1325;0.1314;0.0918;0.0794;0.0390
0000316_rot90.jpg,rot90,0000316.jpg,1,0000316.jpg,1192.291748046875,9.734324141659908,0.7,0000316.jpg;0000196.jpg;0000053.jpg;0000548.jpg;0000017.jpg;0000050.jpg;0000171.jpg;0000267.jpg;0000229.jpg;0000487.jpg;0000026.jpg;0000122.jpg;0000111.jpg;0000051.jpg;0000411.jpg;0000046.jpg;0000569.jpg;0000025.jpg;0000253.jpg;0000118.jpg,1192.2917;2604.6792;2637.8230;2716.8035;2803.0588;2950.2534;2995.9888;3131.5391;3147.2632;3221.3267;3208.3140;3306.0386;3372.5708;3437.4429;3450.7632;3518.9219;3577.7100;3613.8442;3643.3096;3678.9233,9.7343;0.1382;0.1925;0.1521;0.1514;0.2322;0.1688;0.1638;0.2293;0.0000;0.1261;0.1681;0.1911;0.0675;0.1433;0.1433;0.1729;0.1596;0.1441;0.1261,0.7000;0.5981;0.5871;0.5662;0.5419;0.4980;0.4870;0.4490;0.4426;0.4288;0.4286;0.3998;0.3804;0.3659;0.3598;0.3406;0.3232;0.3134;0.3056;0.2961
0000333_bright.jpg,bright,0000333.jpg,2,0000191.jpg,534.314453125,0.1532051282051282,0.93014735,0000191.jpg;0000333.jpg;0000046.jpg;0000133.jpg;0000118.jpg;0000569.jpg;0000196.jpg;0000025.jpg;0000411.jpg;0000053.jpg;0000051.jpg;0000487.jpg;0000267.jpg;0000229.jpg;0000026.jpg;0000050.jpg;0000122.jpg;0000253.jpg;0000017.jpg;0000111.jpg,534.3145;303.9915;1750.0110;1760.1479;1793.5667;1942.9501;1949.2571;1987.7018;2095.5020;2145.6821;2256.5879;2348.4080;2375.6138;2424.9790;2527.6548;2592.6199;2621.2676;2661.6047;2706.0608;2748.3047,0.1532;5.7999;0.1767;0.1792;0.2048;0.1688;0.2025;0.1817;0.1915;0.1375;0.1792;0.0790;0.1688;0.1792;0.1400;0.1375;0.1911;0.1911;0.0864;0.2100,0.9301;0.7000;0.5808;0.5777;0.5668;0.5259;0.5224;0.5124;0.4810;0.4695;0.4356;0.4145;0.4020;0.3873;0.3600;0.3415;0.3305;0.3190;0.3117;0.2931
0000333_flip.jpg,flip,0000333.jpg,1,0000333.jpg,80.70362091064453,0.14,0.80465114,0000333.jpg;0000191.jpg;0000133.jpg;0000025.jpg;0000046.jpg;0000411.jpg;0000118.jpg;0000051.jpg;0000053.jpg;0000196.jpg;0000569.jpg;0000111.jpg;0000122.jpg;0000487.jpg;0000267.jpg;0000026.jpg;0000229.jpg;0000253.jpg;0000548.jpg;0000050.jpg,80.7036;460.7092;1497.9019;1625.5830;1501.5061;1770.7936;1447.6324;1889.3521;2145.1482;1964.6686;1583.8240;2335.7642;2248.3105;1953.1615;2161.4458;2207.6338;2373.6619;2364.7510;2664.1714;2591.0415,0.1400;0.1915;0.0000;0.1315;0.1596;0.1350;0.2119;0.1276;0.0959;0.1375;0.2150;0.0908;0.1261;0.1911;0.1596;0.1514;0.1767;0.2048;0.1514;0.1688,0.8047;0.6299;0.6160;0.3979;0.3924;0.3537;0.3339;0.3318;0.3068;0.2977;0.2927;0.2622;0.2367;0.2260;0.2136;0.2125;0.1322;0.0954;0.0888;0.0843
0000333_rot90.jpg,rot90,0000333.jpg,8,0000050.jpg,2281.556884765625,0.17666666666666667,0.99826896,0000050.jpg;0000196.jpg;0000053.jpg;0000191.jpg;0000229.jpg;0000548.jpg;0000487.jpg;0000333.jpg;0000569.jpg;0000046.jpg;0000171.jpg;0000118.jpg;0000133.jpg;0000411.jpg;0000051.jpg;0000025.jpg;0000111.jpg;0000267.jpg;0000122.jpg;0000026.jpg,2281.5569;2360.9263;2395.9365;2578.1804;2579.9019;2767.3267;2963.0994;2461.8816;3009.9146;3078.4614;3097.7153;3143.2607;3227.9856;3282.6899;3289.7241;3356.8813;3376.2505;3383.4883;3417.6111;3505.5525,0.1767;0.1596;0.1638;0.1943;0.1638;0.1792;0.1212;9.7345;0.1433;0.1729;0.1441;0.2100;0.2048;0.1596;0.1767;0.1276;0.1688;0.1688;0.1596;0.1596,0.9983;0.9534;0.9333;0.8281;0.8280;0.7204;0.6102;0.5969;0.5828;0.5426;0.5325;0.5044;0.4561;0.4263;0.4217;0.3848;0.3725;0.3683;0.3491;0.2988
0000340_bright.jpg,bright,0000340.jpg,6,0000315.jpg,334.2565002441406,1.4126710816777042,0.8765351,0000315.jpg;0000220.jpg;0000003.jpg;0000523.jpg;0000149.jpg;0000340.jpg;0000267.jpg;0000025.jpg;0000253.jpg;0000204.jpg;0000118.jpg;0000133.jpg;0000569.jpg;0000111.jpg;0000159.jpg;0000046.jpg;0000308.jpg;0000411.jpg;0000487.jpg;0000017.jpg,334.2565;833.0415;932.8516;1158.7024;1153.3972;128.5289;2687.3184;2883.0557;2922.4917;3119.5776;3123.2676;3146.9824;3490.8721;3576.5708;3587.7852;3658.4514;3660.6460;3711.8262;3739.3997;3772.7266,1.4127;0.1688;0.1375;0.0204;0.1514;5.0484;0.1350;0.1688;0.2398;0.1767;0.2100;0.1441;0.0000;0.1514;0.1792;0.1767;0.2600;0.2048;0.1633;0.1276,0.8765;0.8546;0.8373;0.8009;0.7941;0.7000;0.5005;0.4609;0.4491;0.4150;0.4123;0.4116;0.3541;0.3287;0.3249;0.3115;0.3061;0.2995;0.2967;0.2924
0000340_flip.jpg,flip,0000340.jpg,1,0000340.jpg,208.36404418945312,0.12119565217391304,0.90699667,0000340.jpg;0000220.jpg;0000315.jpg;0000003.jpg;0000149.jpg;0000523.jpg;0000267.jpg;0000118.jpg;0000253.jpg;0000204.jpg;0000046.jpg;0000025.jpg;0000133.jpg;0000569.jpg;0000191.jpg;0000111.jpg;0000308.jpg;0000159.jpg;0000411.jpg;0000122.jpg,208.3640;837.9574;294.8689;919.0012;999.8022;1055.8837;2539.4766;2976.1812;2703.7812;2894.0220;3434.9946;2769.8091;3029.1445;3252.9072;3632.6670;3221.6416;3514.9331;3396.3752;3595.3784;3471.8237,0.1212;0.0764;0.1579;0.1350;0.2150;0.2208;0.1211;0.1125;0.1454;0.1350;0.1100;0.1767;0.1688;0.1514;0.1350;0.1792;0.1514;0.1792;0.1915;0.2100,0.9070;0.8713;0.8131;0.7330;0.5503;0.5267;0.4306;0.3593;0.3465;0.3293;0.2707;0.2681;0.2316;0.2219;0.1783;0.1706;0.1683;0.1349;0.0686;0.0554
0000340_rot90.jpg,rot90,0000340.jpg,6,0000315.jpg,1635.57763671875,2.3257480533926587,0.91463935,0000315.jpg;0000220.jpg;0000003.jpg;0000149.jpg;0000523.jpg;0000340.jpg;0000267.jpg;0000025.jpg;0000253.jpg;0000204.jpg;0000118.jpg;0000133.jpg;0000569.jpg;0000487.jpg;0000411.jpg;0000111.jpg;0000050.jpg;0000229.jpg;0000051.jpg;0000053.jpg,1635.5776;1930.1305;1949.4125;2196.0151;2336.0122;1585.8062;2978.9983;3132.4941;3214.8276;3394.1279;3408.7739;3407.3389;3532.4033;3532.2524;3553.2280;3610.5063;3635.9634;3680.4785;3691.9670;3703.7996,2.3257;0.1911;0.1697;0.1375;0.1125;10.1250;0.1514;0.2208;0.0000;0.2100;0.1514;0.1767;0.1729;0.1911;0.2458;0.1261;0.2322;0.1767;0.1911;0.1911,0.9146;0.8805;0.8748;0.7943;0.7487;0.7000;0.5351;0.4823;0.4616;0.3961;0.3930;0.3927;0.3515;0.3510;0.3425;0.3271;0.3155;0.3025;0.2982;0.2943
0000411_bright.jpg,bright,0000411.jpg,4,0000051.jpg,375.2810363769531,0.9343106995884773,0.8872607,0000051.jpg;0000026.jpg;0000487.jpg;0000411.jpg;0000118.jpg;0000122.jpg;0000025.jpg;0000133.jpg;0000333.jpg;0000111.jpg;0000267.jpg;0000253.jpg;0000191.jpg;0000046.jpg;0000196.jpg;0000569.jpg;0000053.jpg;0000204.jpg;0000229.jpg;0000548.jpg,375.2810;680.9681;821.8394;46.5434;1454.8188;1529.0310;1557.6775;1602.3938;1755.9988;1822.5924;1917.6735;1959.7146;2029.3373;2192.3103;2243.6528;2291.6094;2404.6968;2433.5916;2501.3135;2900.9067,0.9343;0.1261;0.1350;8.7264;0.1638;0.1596;0.1100;0.0000;0.1375;0.1688;0.1792;0.2208;0.1261;0.2119;0.0869;0.1529;0.1767;0.1767;0.2322;0.1915,0.8873;0.8401;0.8052;0.7000;0.6490;0.6310;0.6256;0.6184;0.5760;0.5586;0.5350;0.5232;0.5094;0.4665;0.4582;0.4442;0.4156;0.4085;0.3900;0.2934
0000411_flip.jpg,flip,0000411.jpg,2,0000051.jpg,325.9866943359375,0.13154761904761905,0.89413375,0000051.jpg;0000411.jpg;0000487.jpg;0000026.jpg;0000025.jpg;0000133.jpg;0000118.jpg;0000122.jpg;0000333.jpg;0000111.jpg;0000253.jpg;0000229.jpg;0000196.jpg;0000267.jpg;0000053.jpg;0000569.jpg;0000204.jpg;0000191.jpg;0000046.jpg;0000050.jpg,325.9867;111.6555;822.5461;576.5151;1564.4634;1619.6017;1471.4102;1659.6327;1854.3306;1905.2705;2094.4229;2412.3135;2325.3682;2007.7506;2440.9321;2483.7937;2588.7051;2192.9043;2375.8730;2857.8643,0.1315;0.1677;0.1051;0.2424;0.1375;0.1315;0.1596;0.1529;0.1514;0.1454;0.1350;0.1100;0.1315;0.1911;0.1441;0.1441;0.1441;0.2100;0.1911;0.2600,0.8941;0.8788;0.8188;0.6156;0.5669;0.5644;0.5479;0.5129;0.4661;0.4647;0.4367;0.4041;0.3845;0.3502;0.3308;0.3198;0.2931;0.2663;0.2563;0.0000
0000411_rot90.jpg,rot90,0000411.jpg,6,0000487.jpg,1830.8642578125,0.15955882352941178,0.99820423,0000487.jpg;0000051.jpg;0000050.jpg;0000229.jpg;0000026.jpg;0000411.jpg;0000053.jpg;0000196.jpg;0000118.jpg;0000133.jpg;0000548.jpg;0000025.jpg;0000122.jpg;0000111.jpg;0000171.jpg;0000333.jpg;0000267.jpg;0000046.jpg;0000191.jpg;0000569.jpg,1830.8643;1836.4739;2186.5811;2211.6865;2405.3960;1891.5991;2526.2651;2588.7021;2618.3579;2727.6113;2848.0901;2865.8525;2936.3735;2945.1616;2986.3184;3032.0408;3045.5176;3091.8127;3099.9751;3184.9229,0.1596;0.9361;0.1276;0.1638;0.1579;9.8987;0.2322;0.1441;0.1792;0.1767;0.1915;0.1596;0.1514;0.1688;0.2100;0.1261;0.1276;0.1514;0.1009;0.1638,0.9982;0.9715;0.8153;0.8012;0.7012;0.6686;0.6365;0.6069;0.5905;0.5341;0.4714;0.4632;0.4269;0.4219;0.3993;0.3783;0.3712;0.3466;0.3439;0.2981
0000487_bright.jpg,bright,0000487.jpg,4,0000411.jpg,819.6021118164062,0.14543478260869563,0.78157043,0000411.jpg;0000051.jpg;0000026.jpg;0000487.jpg;0000122.jpg;0000118.jpg;0000111.jpg;0000267.jpg;0000025.jpg;0000196.jpg;0000333.jpg;0000133.jpg;0000046.jpg;0000253.jpg;0000569.jpg;0000191.jpg;0000229.jpg;0000053.jpg;0000548.jpg;0000204.jpg,819.6021;882.8691;1040.4796;41.1057;1719.8649;1895.7958;1939.2588;1939.2948;1989.9558;2013.1313;2050.6694;2090.7600;2181.8735;2187.9795;2257.0283;2265.5552;2285.4348;2307.2029;2413.7319;2578.4419,0.1454;0.1204;0.3686;7.2690;0.1221;0.1304;0.1350;0.1596;0.0983;0.1007;0.1261;0.0706;0.1018;0.1441;0.1441;0.1212;0.0957;0.1167;0.0575;0.1221,0.7816;0.7652;0.7114;0.7000;0.5342;0.4853;0.4731;0.4721;0.4607;0.4542;0.4427;0.4340;0.4076;0.4041;0.3851;0.3837;0.3792;0.3724;0.3454;0.2973
0000487_flip.jpg,flip,0000487.jpg,1,0000487.jpg,141.87081909179688,0.07363636363636364,0.93177795,0000487.jpg;0000411.jpg;0000051.jpg;0000026.jpg;0000122.jpg;0000267.jpg;0000333.jpg;0000025.jpg;0000111.jpg;0000548.jpg;0000133.jpg;0000196.jpg;0000253.jpg;0000118.jpg;0000229.jpg;0000191.jpg;0000046.jpg;0000569.jpg;0000204.jpg;0000053.jpg,141.8708;842.3195;874.1953;1121.0927;1767.5630;1942.3676;2134.5872;1936.6788;1940.8555;2351.6602;2066.6729;2094.9727;2168.1331;1843.1577;2311.6899;2370.8679;2277.4155;2314.3892;2577.9629;2345.7808,0.0736;0.0320;0.0592;0.1196;0.0420;0.1125;0.0939;0.1304;0.1350;0.0931;0.1441;0.1471;0.1454;0.2150;0.1529;0.1454;0.1650;0.1729;0.1375;0.1832,0.9318;0.7987;0.7450;0.5751;0.5165;0.3507;0.3259;0.3230;0.3142;0.2648;0.2632;0.2501;0.2318;0.2111;0.1784;0.1736;0.1683;0.1448;0.1271;0.1188
0000487_rot90.jpg,rot90,0000487.jpg,17,0000050.jpg,3054.05419921875,0.10509259259259258,0.9965864,0000050.jpg;0000053.jpg;0000229.jpg;0000171.jpg;0000196.jpg;0000017.jpg;0000411.jpg;0000051.jpg;0000026.jpg;0000118.jpg;0000548.jpg;0000316.jpg;0000340.jpg;0000267.jpg;0000122.jpg;0000133.jpg;0000487.jpg;0000111.jpg;0000315.jpg;0000025.jpg,3054.0542;3102.1294;3255.5427;3321.7546;3335.8149;3471.7876;3486.6316;3510.6008;3514.5366;3561.5349;3608.1375;3632.8223;3654.2158;3662.2837;3668.2402;3676.7500;3395.7817;3707.4202;3708.4915;3737.7095,0.1051;0.0252;0.1792;0.1412;0.1533;0.0883;0.0000;0.1425;0.3492;0.1032;0.0790;0.1514;0.1350;0.2208;0.1304;0.1471;9.2359;0.0450;0.2368;0.0450,0.9966;0.9500;0.7879;0.7213;0.7065;0.5694;0.5571;0.5279;0.5172;0.4770;0.4301;0.4025;0.3811;0.3701;0.3669;0.3576;0.3501;0.3296;0.3222;0.2985
0000523_bright.jpg,bright,0000523.jpg,6,0000149.jpg,451.4888916015625,0.18416666666666665,0.9064221,0000149.jpg;0000003.jpg;0000340.jpg;0000220.jpg;0000315.jpg;0000523.jpg;0000253.jpg;0000267.jpg;0000133.jpg;0000025.jpg;0000118.jpg;0000204.jpg;0000569.jpg;0000046.jpg;0000111.jpg;0000191.jpg;0000411.jpg;0000122.jpg;0000333.jpg;0000159.jpg,451.4889;671.5548;970.9335;1024.6313;1096.4338;69.7221;2424.0542;2548.6531;2582.7808;2578.1294;2608.5217;2727.0349;2961.0649;3072.0430;3131.5293;3125.3154;3250.7339;3264.4692;3277.4297;3334.3359,0.1842;0.0675;0.1441;0.1350;0.1688;4.7144;0.0576;0.0275;0.1433;0.1596;0.1315;0.1638;0.1304;0.1441;0.0000;0.2305;0.1514;0.1688;0.1579;0.1911,0.9064;0.8667;0.7976;0.7867;0.7691;0.7000;0.4915;0.4667;0.4520;0.4520;0.4473;0.4198;0.3717;0.3471;0.3435;0.3301;0.3083;0.3042;0.3022;0.2878
0000523_flip.jpg,flip,0000523.jpg,2,0000149.jpg,520.3575439453125,0.06055555555555555,0.91186655,0000149.jpg;0000523.jpg;0000003.jpg;0000340.jpg;0000315.jpg;0000220.jpg;0000253.jpg;0000133.jpg;0000204.jpg;0000118.jpg;0000025.jpg;0000267.jpg;0000569.jpg;0000333.jpg;0000191.jpg;0000411.jpg;0000159.jpg;0000111.jpg;0000046.jpg;0000122.jpg,520.3575;109.1969;740.8486;1080.6506;1277.6270;1146.3364;2399.3833;2553.9617;2709.8745;2566.4966;2516.0020;2500.6350;2884.8650;3227.7134;3068.7734;3245.6768;3374.8403;3132.4233;2976.2710;3259.9023,0.0606;0.1412;0.1153;0.1261;0.1441;0.1688;0.0908;0.1529;0.1350;0.1638;0.1767;0.1792;0.1433;0.1125;0.1792;0.1638;0.1688;0.2048;0.2398;0.2048,0.9119;0.8650;0.7730;0.6820;0.6097;0.5966;0.4584;0.3214;0.3179;0.3004;0.2897;0.2888;0.2665;0.2446;0.1671;0.1548;0.1189;0.1105;0.0854;0.0832
0000523_rot90.jpg,rot90,0000523.jpg,6,0000340.jpg,2123.421875,0.11666666666666667,0.99840814,0000340.jpg;0000149.jpg;0000003.jpg;0000315.jpg;0000220.jpg;0000523.jpg;0000267.jpg;0000025.jpg;0000118.jpg;0000253.jpg;0000133.jpg;0000204.jpg;0000111.jpg;0000487.jpg;0000411.jpg;0000051.jpg;0000050.jpg;0000569.jpg;0000053.jpg;0000122.jpg,2123.4219;2188.6099;2238.6694;2277.0703;2419.5544;2170.1836;2928.7583;2986.7063;3037.6748;3066.0913;3127.1877;3233.1541;3236.1562;3247.3726;3260.7842;3339.7778;3376.8369;3405.1211;3418.4854;3443.2102,0.1167;0.3488;0.2300;0.0638;0.5347;10.0225;0.1514;0.1212;0.1350;0.1400;0.2025;0.1441;0.1596;0.1514;0.2208;0.1792;0.1229;0.1729;0.1915;0.1276,0.9984;0.9568;0.9339;0.9185;0.8287;0.6752;0.5702;0.5404;0.5129;0.4977;0.4634;0.4090;0.4069;0.4012;0.3920;0.3514;0.3334;0.3169;0.3093;0.2981
0000548_bright.jpg,bright,0000548.jpg,2,0000171.jpg,1028.111328125,0.8433333333333333,0.744725,0000171.jpg;0000548.jpg;0000569.jpg;0000487.jpg;0000046.jpg;0000196.jpg;0000050.jpg;0000229.jpg;0000053.jpg;0000051.jpg;0000333.jpg;0000411.jpg;0000191.jpg;0000122.jpg;0000316.jpg;0000118.jpg;0000111.jpg;0000133.jpg;0000026.jpg;0000025.jpg,1028.1113;330.2346;2073.0374;2132.5828;2172.7358;2170.1821;2171.8320;2272.7437;2369.9766;2485.2756;2591.6685;2609.4800;2616.5364;2741.3945;2802.4771;2843.1011;2878.5862;3009.8726;3022.0161;3040.9961,0.8433;3.1190;0.1400;0.1879;0.1304;0.1650;0.1832;0.1767;0.1925;0.1922;0.1304;0.1375;0.1471;0.1276;0.0839;0.1052;0.2234;0.1579;0.1304;0.1454,0.7447;0.7000;0.5444;0.5243;0.5196;0.5169;0.5146;0.4892;0.4625;0.4328;0.4114;0.4061;0.4034;0.3730;0.3616;0.3490;0.3282;0.3007;0.3003;0.2939
0000548_flip.jpg,flip,0000548.jpg,1,0000548.jpg,58.62301254272461,0.07262345679012346,0.9926991,0000548.jpg;0000171.jpg;0000046.jpg;0000050.jpg;0000196.jpg;0000229.jpg;0000333.jpg;0000487.jpg;0000051.jpg;0000053.jpg;0000569.jpg;0000191.jpg;0000118.jpg;0000122.jpg;0000026.jpg;0000316.jpg;0000411.jpg;0000025.jpg;0000133.jpg;0000111.jpg,58.6230;959.4216;2214.2356;2533.1216;2430.3394;2591.2310;2893.0488;2489.3545;2892.0032;2671.1306;2001.7404;2883.6772;2964.6270;2989.1006;3195.6250;2811.4641;2996.3574;3254.8242;3135.9102;3044.6387,0.0726;0.0677;0.1200;0.0817;0.1261;0.1125;0.0686;0.1441;0.1272;0.1650;0.2686;0.1412;0.1511;0.1549;0.1296;0.1892;0.1812;0.1514;0.1911;0.2173,0.9927;0.8027;0.4498;0.4373;0.3933;0.3785;0.3780;0.3535;0.2907;0.2825;0.2744;0.2715;0.2391;0.2281;0.2205;0.2157;0.1870;0.1751;0.1418;0.1226
0000548_rot90.jpg,rot90,0000548.jpg,2,0000171.jpg,1398.7369384765625,1.783334445927904,0.8616682,0000171.jpg;0000548.jpg;0000050.jpg;0000196.jpg;0000229.jpg;0000053.jpg;0000487.jpg;0000046.jpg;0000569.jpg;0000051.jpg;0000411.jpg;0000316.jpg;0000122.jpg;0000111.jpg;0000026.jpg;0000333.jpg;0000191.jpg;0000118.jpg;0000133.jpg;0000267.jpg,1398.7369;1135.4270;2363.2649;2416.4905;2531.1157;2526.9077;2669.1396;2722.8228;2711.0474;2924.4839;3020.4902;3051.1704;3122.5337;3165.6899;3171.0098;3205.2686;3251.4834;3338.0503;3480.6743;3558.7656,1.7833;8.5913;0.2131;0.1792;0.1400;0.1925;0.1334;0.1311;0.2634;0.2224;0.0958;0.0860;0.1382;0.1253;0.1050;0.0656;0.1382;0.1842;0.1441;0.0000,0.8617;0.7000;0.6379;0.6237;0.5920;0.5913;0.5523;0.5369;0.5357;0.4755;0.4521;0.4436;0.4212;0.4092;0.4083;0.3998;0.3839;0.3573;0.3175;0.3000
0000569_bright.jpg,bright,0000569.jpg,2,0000046.jpg,639.0428466796875,0.18166666666666664,0.87021244,0000046.jpg;0000569.jpg;0000191.jpg;0000133.jpg;0000118.jpg;0000333.jpg;0000025.jpg;0000122.jpg;0000548.jpg;0000111.jpg;0000487.jpg;0000411.jpg;0000051.jpg;0000196.jpg;0000253.jpg;0000267.jpg;0000053.jpg;0000204.jpg;0000026.jpg;0000229.jpg,639.0428;239.5707;1475.1963;1507.5994;1514.4689;1538.8217;1672.6169;2028.2136;1962.6777;1978.3613;2023.9929;2106.5391;2248.8340;2235.2734;2278.7134;2298.1851;2597.1758;2578.1196;2634.2129;2698.0786,0.1817;3.3961;0.1375;0.1911;0.1792;0.1918;0.1918;0.0000;0.2363;0.1911;0.1817;0.1529;0.0819;0.2100;0.2398;0.1918;0.1514;0.2322;0.1596;0.1276,0.8702;0.7000;0.6360;0.6221;0.6212;0.6131;0.5750;0.4907;0.4885;0.4880;0.4759;0.4549;0.4207;0.4132;0.3982;0.3969;0.3154;0.3136;0.3041;0.2887
0000569_flip.jpg,flip,0000569.jpg,1,0000569.jpg,91.3683853149414,0.1471296296296296,0.9896169,0000569.jpg;0000046.jpg;0000191.jpg;0000133.jpg;0000333.jpg;0000025.jpg;0000118.jpg;0000487.jpg;0000548.jpg;0000122.jpg;0000196.jpg;0000267.jpg;0000204.jpg;0000411.jpg;0000253.jpg;0000171.jpg;0000051.jpg;0000053.jpg;0000111.jpg;0000003.jpg,91.3684;665.6190;1394.2677;1581.2104;1523.3639;1902.2495;1661.2932;2319.9238;2000.4860;2358.0220;2317.7739;2527.1414;2770.0732;2374.0264;2470.1914;2773.5327;2491.6895;2705.7778;2221.8240;2794.8225,0.1471;0.1915;0.1441;0.1596;0.1688;0.1514;0.1767;0.1441;0.1767;0.1529;0.1596;0.1596;0.1596;0.1918;0.1915;0.1688;0.1918;0.1918;0.2322;0.1911,0.9896;0.6900;0.6626;0.5616;0.5452;0.5062;0.4826;0.4230;0.3948;0.3832;0.3708;0.3166;0.2537;0.2465;0.2228;0.2215;0.2160;0.1606;0.1484;0.1401
0000569_rot90.jpg,rot90,0000569.jpg,4,0000548.jpg,1935.14208984375,0.22083333333333335,0.9724389,0000548.jpg;0000046.jpg;0000196.jpg;0000569.jpg;0000171.jpg;0000487.jpg;0000053.jpg;0000050.jpg;0000118.jpg;0000229.jpg;0000133.jpg;0000191.jpg;0000333.jpg;0000122.jpg;0000111.jpg;0000051.jpg;0000025.jpg;0000411.jpg;0000267.jpg;0000253.jpg,1935.1421;1977.5454;2410.3884;1892.4802;2507.1499;2600.7039;2618.5203;2626.9126;2672.0884;2745.0591;2765.9033;2845.5205;2894.8479;2921.9355;2968.9482;2978.8198;2982.5552;3054.4927;3116.9993;3199.8062,0.2208;0.1915;0.1433;10.0474;0.1729;0.1454;0.1350;0.1441;0.0638;0.1767;0.1911;0.2150;0.2150;0.0717;0.1688;0.1688;0.1514;0.2625;0.2100;0.1596,0.9724;0.9506;0.7203;0.7000;0.6676;0.6183;0.6091;0.6043;0.5826;0.5401;0.5285;0.4852;0.4587;0.4485;0.4205;0.4152;0.4137;0.3718;0.3399;0.2971
