query,transform,gold,rank_pos,score_pos,top1_name,top1_score,metric,pred@K,dist@K
0000003_bright.jpg,bright,0000003.jpg,1,59.09221649169922,0000003.jpg,59.09221649169922,L2,0000003.jpg;0000149.jpg;0000523.jpg;0000340.jpg;0000315.jpg;0000220.jpg;0000267.jpg;0000025.jpg;0000253.jpg;0000118.jpg,59.0922;534.7465;632.3107;732.5304;794.3415;810.7924;2082.5518;2112.2449;2190.5818;2428.2666
0000003_flip.jpg,flip,0000003.jpg,1,180.3631591796875,0000003.jpg,180.3631591796875,L2,0000003.jpg;0000149.jpg;0000340.jpg;0000523.jpg;0000315.jpg;0000220.jpg;0000025.jpg;0000267.jpg;0000253.jpg;0000118.jpg,180.3632;502.4533;637.9667;653.8363;665.8318;680.8070;2261.4351;2271.0981;2316.3501;2527.7954
0000003_rot90.jpg,rot90,0000003.jpg,2,2019.8387451171875,0000340.jpg,2006.804931640625,L2,0000340.jpg;0000003.jpg;0000315.jpg;0000149.jpg;0000220.jpg;0000523.jpg;0000267.jpg;0000025.jpg;0000253.jpg;0000118.jpg,2006.8049;2019.8387;2090.6941;2191.9377;2216.7231;2336.9026;3118.6719;3233.9026;3298.1917;3369.4685
0000017_bright.jpg,bright,0000017.jpg,1,829.82763671875,0000017.jpg,829.82763671875,L2,0000017.jpg;0000316.jpg;0000267.jpg;0000122.jpg;0000111.jpg;0000053.jpg;0000196.jpg;0000204.jpg;0000025.jpg;0000253.jpg,829.8276;1573.0094;2048.0703;2208.2397;2237.9028;2425.2197;2472.2422;2614.9507;2695.7896;2726.0493
0000017_flip.jpg,flip,0000017.jpg,1,119.21498107910156,0000017.jpg,119.21498107910156,L2,0000017.jpg;0000316.jpg;0000267.jpg;0000122.jpg;0000111.jpg;0000196.jpg;0000053.jpg;0000333.jpg;0000253.jpg;0000204.jpg,119.2150;2219.5752;2446.1484;2555.2261;2618.6274;2675.8506;2701.2075;2871.3625;2904.1919;2906.4282
0000017_rot90.jpg,rot90,0000017.jpg,2,2142.453125,0000050.jpg,1832.2828369140625,L2,0000050.jpg;0000017.jpg;0000229.jpg;0000053.jpg;0000196.jpg;0000548.jpg;0000487.jpg;0000316.jpg;0000171.jpg;0000111.jpg,1832.2828;2142.4531;2273.0000;2303.8245;2501.2090;2973.6516;3072.0825;3145.9153;3151.4624;3236.1968
0000025_bright.jpg,bright,0000025.jpg,1,45.93478012084961,0000025.jpg,45.93478012084961,L2,0000025.jpg;0000118.jpg;0000133.jpg;0000267.jpg;0000253.jpg;0000411.jpg;0000204.jpg;0000051.jpg;0000333.jpg;0000122.jpg,45.9348;610.2996;707.6176;1096.3687;1135.5936;1517.2893;1628.7393;1629.8711;1678.6440;1795.3923
0000025_flip.jpg,flip,0000025.jpg,1,88.7442626953125,0000025.jpg,88.7442626953125,L2,0000025.jpg;0000118.jpg;0000133.jpg;0000267.jpg;0000253.jpg;0000411.jpg;0000333.jpg;0000051.jpg;0000204.jpg;0000569.jpg,88.7443;623.3533;692.2416;1030.5443;1090.2480;1392.0663;1533.9570;1541.5028;1614.0837;1764.4194
0000025_rot90.jpg,rot90,0000025.jpg,1,2265.2275390625,0000025.jpg,2265.2275390625,L2,0000025.jpg;0000118.jpg;0000487.jpg;0000133.jpg;0000051.jpg;0000267.jpg;0000050.jpg;0000411.jpg;0000333.jpg;0000229.jpg,2265.2275;2404.2698;2465.2800;2479.6997;2553.3623;2684.5005;2719.2285;2732.9736;2827.8572;2856.1292
0000026_bright.jpg,bright,0000026.jpg,1,25.049457550048828,0000026.jpg,25.049457550048828,L2,0000026.jpg;0000411.jpg;0000051.jpg;0000487.jpg;0000122.jpg;0000118.jpg;0000253.jpg;0000111.jpg;0000025.jpg;0000267.jpg,25.0495;669.8198;777.2125;976.2150;1502.3955;1856.7444;1879.5742;1901.7067;1909.4869;2025.7452
0000026_flip.jpg,flip,0000026.jpg,1,84.34455871582031,0000026.jpg,84.34455871582031,L2,0000026.jpg;0000411.jpg;0000051.jpg;0000487.jpg;0000122.jpg;0000118.jpg;0000025.jpg;0000253.jpg;0000133.jpg;0000267.jpg,84.3446;633.0062;708.5065;919.7571;1500.3704;1627.4506;1764.4601;1832.2043;1870.0812;1882.5848
0000026_rot90.jpg,rot90,0000026.jpg,4,1417.8125,0000487.jpg,1038.203125,L2,0000487.jpg;0000411.jpg;0000051.jpg;0000026.jpg;0000196.jpg;0000229.jpg;0000053.jpg;0000122.jpg;0000118.jpg;0000111.jpg,1038.2031;1319.4543;1371.0244;1417.8125;2037.8811;2039.5624;2090.7554;2139.0752;2146.0796;2191.9121
0000046_bright.jpg,bright,0000046.jpg,1,230.42459106445312,0000046.jpg,230.42459106445312,L2,0000046.jpg;0000569.jpg;0000191.jpg;0000333.jpg;0000133.jpg;0000118.jpg;0000196.jpg;0000025.jpg;0000411.jpg;0000487.jpg,230.4246;899.2901;1324.3691;1494.5125;1497.0430;1501.0571;1856.3291;1897.5801;2065.3132;2080.6724
0000046_flip.jpg,flip,0000046.jpg,1,84.18804931640625,0000046.jpg,84.18804931640625,L2,0000046.jpg;0000569.jpg;0000191.jpg;0000333.jpg;0000118.jpg;0000133.jpg;0000196.jpg;0000025.jpg;0000122.jpg;0000267.jpg,84.1880;705.9558;1468.8911;1551.6663;1611.9412;1623.7102;1789.4734;1954.4470;2089.7178;2173.9836
0000046_rot90.jpg,rot90,0000046.jpg,1,1814.47607421875,0000046.jpg,1814.47607421875,L2,0000046.jpg;0000569.jpg;0000548.jpg;0000196.jpg;0000053.jpg;0000050.jpg;0000171.jpg;0000229.jpg;0000191.jpg;0000333.jpg,1814.4761;2021.8271;2152.7217;2196.6841;2304.0649;2377.2410;2512.2737;2612.5667;2631.9832;2685.7705
0000050_bright.jpg,bright,0000050.jpg,1,78.80077362060547,0000050.jpg,78.80077362060547,L2,0000050.jpg;0000229.jpg;0000053.jpg;0000196.jpg;0000548.jpg;0000333.jpg;0000191.jpg;0000487.jpg;0000046.jpg;0000017.jpg,78.8008;571.5851;1444.6436;1556.2988;2466.8745;2692.3445;2829.5325;2875.6465;2881.2800;2885.9014
0000050_flip.jpg,flip,0000050.jpg,1,91.70539855957031,0000050.jpg,91.70539855957031,L2,0000050.jpg;0000229.jpg;0000053.jpg;0000196.jpg;0000548.jpg;0000333.jpg;0000487.jpg;0000171.jpg;0000191.jpg;0000046.jpg,91.7054;558.5385;1333.6742;1463.4827;2494.4937;2791.7439;2875.1519;2911.1143;2928.6978;2945.6211
0000050_rot90.jpg,rot90,0000050.jpg,1,328.32391357421875,0000050.jpg,328.32391357421875,L2,0000050.jpg;0000229.jpg;0000053.jpg;0000196.jpg;0000333.jpg;0000548.jpg;0000191.jpg;0000487.jpg;0000046.jpg;0000411.jpg,328.3239;621.9087;1293.0986;1348.1770;2440.8613;2494.7354;2563.5271;2687.4724;2766.2295;2850.7949
0000051_bright.jpg,bright,0000051.jpg,1,29.98711395263672,0000051.jpg,29.98711395263672,L2,0000051.jpg;0000411.jpg;0000026.jpg;0000487.jpg;0000118.jpg;0000025.jpg;0000133.jpg;0000122.jpg;0000333.jpg;0000111.jpg,29.9871;310.5928;722.2651;787.9425;1455.1635;1600.1978;1633.3278;1641.0352;1920.5557;1988.7710
0000051_flip.jpg,flip,0000051.jpg,1,78.79911804199219,0000051.jpg,78.79911804199219,L2,0000051.jpg;0000411.jpg;0000026.jpg;0000487.jpg;0000118.jpg;0000025.jpg;0000133.jpg;0000122.jpg;0000333.jpg;0000267.jpg,78.7991;280.6299;737.6548;819.6871;1462.3242;1604.5526;1606.7937;1727.3102;1823.1035;2061.6021
0000051_rot90.jpg,rot90,0000051.jpg,2,1483.712158203125,0000487.jpg,1459.9453125,L2,0000487.jpg;0000051.jpg;0000411.jpg;0000026.jpg;0000229.jpg;0000050.jpg;0000196.jpg;0000118.jpg;0000053.jpg;0000133.jpg,1459.9453;1483.7122;1630.1416;1953.2123;2227.6069;2333.4790;2349.2422;2364.9924;2367.0754;2475.8174
0000053_bright.jpg,bright,0000053.jpg,1,469.27593994140625,0000053.jpg,469.27593994140625,L2,0000053.jpg;0000196.jpg;0000050.jpg;0000229.jpg;0000333.jpg;0000487.jpg;0000026.jpg;0000122.jpg;0000191.jpg;0000017.jpg,469.2759;859.7340;1238.9509;1756.1206;2442.9072;2572.1680;2605.9783;2624.1802;2635.5981;2643.4331
0000053_flip.jpg,flip,0000053.jpg,1,134.6652374267578,0000053.jpg,134.6652374267578,L2,0000053.jpg;0000196.jpg;0000050.jpg;0000229.jpg;0000333.jpg;0000046.jpg;0000026.jpg;0000487.jpg;0000191.jpg;0000411.jpg,134.6652;319.1638;1297.2638;1667.8704;2270.0054;2305.1980;2382.3706;2402.4688;2422.5632;2503.5942
0000053_rot90.jpg,rot90,0000053.jpg,1,476.1190185546875,0000053.jpg,476.1190185546875,L2,0000053.jpg;0000196.jpg;0000050.jpg;0000229.jpg;0000548.jpg;0000017.jpg;0000046.jpg;0000333.jpg;0000316.jpg;0000487.jpg,476.1190;805.4221;1058.6819;1641.2734;2447.9946;2580.1030;2601.5874;2639.6931;2724.7432;2748.9565
0000111_bright.jpg,bright,0000111.jpg,1,123.84855651855469,0000111.jpg,123.84855651855469,L2,0000111.jpg;0000122.jpg;0000253.jpg;0000267.jpg;0000025.jpg;0000569.jpg;0000411.jpg;0000487.jpg;0000118.jpg;0000026.jpg,123.8486;656.0817;1840.9924;1969.7554;1975.1829;2002.0125;2028.6531;2042.8945;2054.4014;2111.5659
0000111_flip.jpg,flip,0000111.jpg,1,192.0615234375,0000111.jpg,192.0615234375,L2,0000111.jpg;0000122.jpg;0000253.jpg;0000204.jpg;0000025.jpg;0000267.jpg;0000118.jpg;0000411.jpg;0000487.jpg;0000026.jpg,192.0615;518.4592;1602.2260;1815.0178;1854.1201;1857.4380;1874.4899;1907.6591;1926.0754;1956.6423
0000111_rot90.jpg,rot90,0000111.jpg,1,1436.30712890625,0000111.jpg,1436.30712890625,L2,0000111.jpg;0000487.jpg;0000122.jpg;0000411.jpg;0000051.jpg;0000026.jpg;0000196.jpg;0000118.jpg;0000267.jpg;0000025.jpg,1436.3071;1656.7343;1686.9459;1966.8835;2049.7297;2140.0366;2222.9473;2248.5364;2265.0354;2278.5122
0000118_bright.jpg,bright,0000118.jpg,1,53.83482360839844,0000118.jpg,53.83482360839844,L2,0000118.jpg;0000133.jpg;0000025.jpg;0000411.jpg;0000051.jpg;0000253.jpg;0000267.jpg;0000333.jpg;0000046.jpg;0000191.jpg,53.8348;301.2467;637.9377;1347.5034;1363.0916;1363.4941;1419.9113;1454.4255;1591.4548;1615.9482
0000118_flip.jpg,flip,0000118.jpg,1,118.11214447021484,0000118.jpg,118.11214447021484,L2,0000118.jpg;0000133.jpg;0000025.jpg;0000411.jpg;0000253.jpg;0000051.jpg;0000267.jpg;0000333.jpg;0000046.jpg;0000191.jpg,118.1121;260.7320;672.1070;1469.0195;1472.4221;1481.6884;1511.0002;1511.2886;1651.7893;1682.4266
0000118_rot90.jpg,rot90,0000118.jpg,3,2523.033203125,0000050.jpg,2198.40087890625,L2,0000050.jpg;0000229.jpg;0000118.jpg;0000133.jpg;0000487.jpg;0000196.jpg;0000053.jpg;0000051.jpg;0000548.jpg;0000411.jpg,2198.4009;2379.0537;2523.0332;2628.7053;2683.4727;2697.4285;2715.4058;2777.3611;2808.8198;2860.0281
0000122_bright.jpg,bright,0000122.jpg,1,76.41515350341797,0000122.jpg,76.41515350341797,L2,0000122.jpg;0000111.jpg;0000253.jpg;0000026.jpg;0000411.jpg;0000487.jpg;0000051.jpg;0000118.jpg;0000204.jpg;0000267.jpg,76.4152;473.0137;1590.6505;1636.0262;1651.0339;1732.1653;1759.1184;1775.9613;1812.4849;1846.6825
0000122_flip.jpg,flip,0000122.jpg,1,162.06382751464844,0000122.jpg,162.06382751464844,L2,0000122.jpg;0000111.jpg;0000026.jpg;0000411.jpg;0000253.jpg;0000487.jpg;0000118.jpg;0000025.jpg;0000051.jpg;0000204.jpg,162.0638;486.3920;1590.3309;1633.9308;1634.6099;1759.5062;1786.1426;1791.1013;1803.7180;1840.4370
0000122_rot90.jpg,rot90,0000122.jpg,2,1772.010498046875,0000111.jpg,1665.912841796875,L2,0000111.jpg;0000122.jpg;0000487.jpg;0000026.jpg;0000411.jpg;0000051.jpg;0000196.jpg;0000053.jpg;0000267.jpg;0000118.jpg,1665.9128;1772.0105;1877.1541;2140.6323;2179.7026;2220.4785;2293.8540;2325.1250;2359.2612;2424.3511
0000133_bright.jpg,bright,0000133.jpg,1,74.24273681640625,0000133.jpg,74.24273681640625,L2,0000133.jpg;0000118.jpg;0000025.jpg;0000333.jpg;0000191.jpg;0000411.jpg;0000569.jpg;0000253.jpg;0000051.jpg;0000046.jpg,74.2427;242.0125;757.1896;1437.7395;1474.6003;1480.3817;1506.0779;1515.3608;1532.0210;1539.7644
0000133_flip.jpg,flip,0000133.jpg,1,106.7952651977539,0000133.jpg,106.7952651977539,L2,0000133.jpg;0000118.jpg;0000025.jpg;0000411.jpg;0000333.jpg;0000051.jpg;0000191.jpg;0000253.jpg;0000267.jpg;0000046.jpg,106.7953;244.4459;673.8708;1407.6332;1423.8297;1527.0536;1530.4910;1536.9583;1574.0071;1636.7635
0000133_rot90.jpg,rot90,0000133.jpg,3,2258.8681640625,0000118.jpg,2208.55615234375,L2,0000118.jpg;0000050.jpg;0000133.jpg;0000487.jpg;0000051.jpg;0000229.jpg;0000411.jpg;0000025.jpg;0000196.jpg;0000053.jpg,2208.5562;2230.9353;2258.8682;2319.4736;2333.5955;2365.7217;2393.0051;2548.5815;2576.3047;2617.0891
0000149_bright.jpg,bright,0000149.jpg,1,43.09719467163086,0000149.jpg,43.09719467163086,L2,0000149.jpg;0000523.jpg;0000003.jpg;0000340.jpg;0000315.jpg;0000220.jpg;0000253.jpg;0000025.jpg;0000118.jpg;0000133.jpg,43.0972;457.3168;497.1514;947.4366;1037.6589;1101.9299;2602.3140;2661.2976;2731.9810;2749.4136
0000149_flip.jpg,flip,0000149.jpg,1,119.24712371826172,0000149.jpg,119.24712371826172,L2,0000149.jpg;0000523.jpg;0000003.jpg;0000340.jpg;0000220.jpg;0000315.jpg;0000253.jpg;0000025.jpg;0000118.jpg;0000267.jpg,119.2471;436.6207;596.3292;1044.5679;1106.2415;1144.5999;2575.4878;2713.3562;2726.5244;2760.0039
0000149_rot90.jpg,rot90,0000149.jpg,1,2194.630859375,0000149.jpg,2194.630859375,L2,0000149.jpg;0000003.jpg;0000523.jpg;0000340.jpg;0000315.jpg;0000220.jpg;0000253.jpg;0000267.jpg;0000111.jpg;0000159.jpg,2194.6309;2421.2661;2454.5408;2537.8821;2575.3418;2757.8545;3265.2122;3294.2708;3376.4009;3395.3296
0000159_bright.jpg,bright,0000159.jpg,1,250.92477416992188,0000159.jpg,250.92477416992188,L2,0000159.jpg;0000308.jpg;0000111.jpg;0000149.jpg;0000411.jpg;0000122.jpg;0000569.jpg;0000003.jpg;0000026.jpg;0000046.jpg,250.9248;967.1279;2855.0618;2932.4009;2969.5498;2981.3140;3003.6719;3052.7041;3071.1753;3107.4990
0000159_flip.jpg,flip,0000159.jpg,1,114.86915588378906,0000159.jpg,114.86915588378906,L2,0000159.jpg;0000308.jpg;0000111.jpg;0000026.jpg;0000149.jpg;0000122.jpg;0000411.jpg;0000569.jpg;0000003.jpg;0000053.jpg,114.8692;383.2706;3112.9216;3167.5251;3191.2717;3200.1279;3206.3091;3272.2480;3273.3408;3304.9243
0000159_rot90.jpg,rot90,0000159.jpg,1,2644.5849609375,0000159.jpg,2644.5849609375,L2,0000159.jpg;0000308.jpg;0000050.jpg;0000053.jpg;0000229.jpg;0000196.jpg;0000122.jpg;0000051.jpg;0000411.jpg;0000171.jpg,2644.5850;3037.4006;3054.9722;3313.8770;3354.5815;3568.8125;3570.3247;3579.3665;3589.2959;3594.2734
0000171_bright.jpg,bright,0000171.jpg,1,877.903564453125,0000171.jpg,877.903564453125,L2,0000171.jpg;0000548.jpg;0000053.jpg;0000050.jpg;0000196.jpg;0000487.jpg;0000316.jpg;0000111.jpg;0000569.jpg;0000122.jpg,877.9036;2350.3467;3315.6426;3431.9297;3436.8835;3491.2556;3514.5518;3551.4805;3579.1455;3641.2002
0000171_flip.jpg,flip,0000171.jpg,1,101.43628692626953,0000171.jpg,101.43628692626953,L2,0000171.jpg;0000548.jpg;0000569.jpg;0000046.jpg;0000050.jpg;0000196.jpg;0000487.jpg;0000053.jpg;0000229.jpg;0000316.jpg,101.4363;839.0701;2601.6208;2781.0898;2800.4385;2828.6665;2842.1313;2869.1377;2969.1196;3045.5249
0000171_rot90.jpg,rot90,0000171.jpg,1,1420.753173828125,0000171.jpg,1420.753173828125,L2,0000171.jpg;0000548.jpg;0000196.jpg;0000487.jpg;0000569.jpg;0000046.jpg;0000053.jpg;0000316.jpg;0000122.jpg;0000111.jpg,1420.7532;1534.6077;2663.8154;2714.0269;2715.1165;2736.9170;2809.8186;2892.4688;2968.9163;2980.6846
0000191_bright.jpg,bright,0000191.jpg,1,197.35423278808594,0000191.jpg,197.35423278808594,L2,0000191.jpg;0000333.jpg;0000133.jpg;0000118.jpg;0000046.jpg;0000569.jpg;0000025.jpg;0000411.jpg;0000051.jpg;0000196.jpg,197.3542;669.9673;1537.0344;1649.4832;1663.8656;1718.4117;1775.6249;2000.5122;2101.6211;2201.0476
0000191_flip.jpg,flip,0000191.jpg,1,125.89525604248047,0000191.jpg,125.89525604248047,L2,0000191.jpg;0000333.jpg;0000569.jpg;0000133.jpg;0000046.jpg;0000118.jpg;0000025.jpg;0000411.jpg;0000196.jpg;0000051.jpg,125.8953;488.7101;1418.7344;1430.8125;1442.4678;1585.5583;1793.2804;2034.4175;2077.9280;2162.1497
0000191_rot90.jpg,rot90,0000191.jpg,2,2388.421142578125,0000050.jpg,2383.159423828125,L2,0000050.jpg;0000191.jpg;0000196.jpg;0000053.jpg;0000229.jpg;0000333.jpg;0000548.jpg;0000569.jpg;0000046.jpg;0000487.jpg,2383.1594;2388.4211;2402.6235;2520.6260;2591.7485;2618.8354;2948.1824;3012.2158;3079.6274;3082.4624
0000196_bright.jpg,bright,0000196.jpg,1,297.95947265625,0000196.jpg,297.95947265625,L2,0000196.jpg;0000053.jpg;0000050.jpg;0000229.jpg;0000333.jpg;0000487.jpg;0000191.jpg;0000046.jpg;0000026.jpg;0000411.jpg,297.9595;350.8802;1286.2754;1580.5747;2173.9373;2297.7612;2313.7173;2347.9031;2417.5288;2483.1348
0000196_flip.jpg,flip,0000196.jpg,1,158.3790283203125,0000196.jpg,158.3790283203125,L2,0000196.jpg;0000053.jpg;0000050.jpg;0000229.jpg;0000046.jpg;0000333.jpg;0000487.jpg;0000191.jpg;0000026.jpg;0000548.jpg,158.3790;311.1419;1298.5593;1523.9496;2211.7910;2212.6704;2269.0396;2271.8779;2308.4404;2387.5864
0000196_rot90.jpg,rot90,0000196.jpg,2,664.2440795898438,0000053.jpg,603.1569213867188,L2,0000053.jpg;0000196.jpg;0000050.jpg;0000229.jpg;0000548.jpg;0000046.jpg;0000191.jpg;0000333.jpg;0000487.jpg;0000171.jpg,603.1569;664.2441;1096.7460;1529.4602;2416.3394;2538.0847;2559.1082;2584.9409;2653.2202;2686.4375
0000204_bright.jpg,bright,0000204.jpg,1,52.98352813720703,0000204.jpg,52.98352813720703,L2,0000204.jpg;0000253.jpg;0000267.jpg;0000025.jpg;0000122.jpg;0000118.jpg;0000111.jpg;0000133.jpg;0000411.jpg;0000003.jpg,52.9835;558.6053;1260.5896;1651.4517;1696.5719;1880.4883;1909.3794;2027.0295;2391.4448;2423.0530
0000204_flip.jpg,flip,0000204.jpg,1,142.14767456054688,0000204.jpg,142.14767456054688,L2,0000204.jpg;0000253.jpg;0000267.jpg;0000122.jpg;0000025.jpg;0000111.jpg;0000118.jpg;0000133.jpg;0000003.jpg;0000411.jpg,142.1477;646.8634;1309.6183;1767.3982;1818.6940;2009.7527;2025.2778;2143.5496;2409.2815;2496.5039
0000204_rot90.jpg,rot90,0000204.jpg,3,2492.639892578125,0000267.jpg,2024.740234375,L2,0000267.jpg;0000253.jpg;0000204.jpg;0000025.jpg;0000118.jpg;0000133.jpg;0000487.jpg;0000003.jpg;0000220.jpg;0000111.jpg,2024.7402;2230.6448;2492.6399;2500.3418;2681.2520;2752.7056;2760.5144;2775.7871;2809.2009;2847.4036
0000220_bright.jpg,bright,0000220.jpg,1,45.33185958862305,0000220.jpg,45.33185958862305,L2,0000220.jpg;0000315.jpg;0000340.jpg;0000003.jpg;0000523.jpg;0000149.jpg;0000267.jpg;0000253.jpg;0000025.jpg;0000204.jpg,45.3319;671.8858;709.4045;787.9906;977.6693;1056.1814;2254.9751;2338.1760;2520.3462;2676.9758
0000220_flip.jpg,flip,0000220.jpg,1,84.85603332519531,0000220.jpg,84.85603332519531,L2,0000220.jpg;0000315.jpg;0000340.jpg;0000003.jpg;0000523.jpg;0000149.jpg;0000267.jpg;0000253.jpg;0000025.jpg;0000204.jpg,84.8560;711.7452;769.3265;840.7006;1100.6841;1158.3184;2272.1570;2373.8320;2575.3230;2730.9551
0000220_rot90.jpg,rot90,0000220.jpg,2,1695.326904296875,0000340.jpg,1643.4561767578125,L2,0000340.jpg;0000220.jpg;0000315.jpg;0000003.jpg;0000149.jpg;0000523.jpg;0000267.jpg;0000253.jpg;0000025.jpg;0000204.jpg,1643.4562;1695.3269;1707.9653;1947.1427;2102.6482;2134.2737;2923.7856;3082.5852;3279.0469;3313.1079
0000229_bright.jpg,bright,0000229.jpg,1,173.13938903808594,0000229.jpg,173.13938903808594,L2,0000229.jpg;0000050.jpg;0000196.jpg;0000053.jpg;0000333.jpg;0000191.jpg;0000487.jpg;0000548.jpg;0000046.jpg;0000411.jpg,173.1394;676.2793;1615.7629;1791.5092;2409.7065;2451.8669;2483.5000;2509.7571;2574.9312;2611.1938
0000229_flip.jpg,flip,0000229.jpg,1,114.04873657226562,0000229.jpg,114.04873657226562,L2,0000229.jpg;0000050.jpg;0000196.jpg;0000053.jpg;0000487.jpg;0000333.jpg;0000548.jpg;0000411.jpg;0000191.jpg;0000051.jpg,114.0487;604.9064;1670.4392;1774.2850;2415.7559;2466.3643;2467.3760;2507.2119;2522.5244;2568.9370
0000229_rot90.jpg,rot90,0000229.jpg,1,339.53533935546875,0000229.jpg,339.53533935546875,L2,0000229.jpg;0000050.jpg;0000196.jpg;0000053.jpg;0000333.jpg;0000191.jpg;0000548.jpg;0000487.jpg;0000411.jpg;0000051.jpg,339.5353;654.4464;1784.8861;1855.7997;2519.1958;2581.5400;2608.0801;2635.4333;2738.6453;2774.2419
0000253_bright.jpg,bright,0000253.jpg,1,59.22852325439453,0000253.jpg,59.22852325439453,L2,0000253.jpg;0000204.jpg;0000267.jpg;0000025.jpg;0000118.jpg;0000122.jpg;0000133.jpg;0000111.jpg;0000026.jpg;0000411.jpg,59.2285;438.9769;1170.2357;1357.9133;1483.3748;1535.8713;1632.4976;1762.8843;1998.1692;2088.5464
0000253_flip.jpg,flip,0000253.jpg,1,88.80642700195312,0000253.jpg,88.80642700195312,L2,0000253.jpg;0000204.jpg;0000267.jpg;0000025.jpg;0000118.jpg;0000133.jpg;0000122.jpg;0000111.jpg;0000026.jpg;0000003.jpg,88.8064;518.9285;997.8118;1271.1626;1408.1127;1554.1846;1569.0837;1774.1836;2003.7820;2075.7180
0000253_rot90.jpg,rot90,0000253.jpg,2,2277.52490234375,0000267.jpg,2046.8790283203125,L2,0000267.jpg;0000253.jpg;0000025.jpg;0000118.jpg;0000133.jpg;0000204.jpg;0000220.jpg;0000003.jpg;0000487.jpg;0000340.jpg,2046.8790;2277.5249;2430.5105;2561.5083;2608.5732;2635.8521;2655.5017;2656.6646;2670.5564;2728.4653
0000267_bright.jpg,bright,0000267.jpg,1,40.89482116699219,0000267.jpg,40.89482116699219,L2,0000267.jpg;0000253.jpg;0000025.jpg;0000204.jpg;0000118.jpg;0000133.jpg;0000411.jpg;0000122.jpg;0000487.jpg;0000111.jpg,40.8948;1114.1604;1191.2881;1421.0569;1461.7991;1616.5740;1870.2480;1870.7876;1896.0754;1962.2684
0000267_flip.jpg,flip,0000267.jpg,1,90.7896728515625,0000267.jpg,90.7896728515625,L2,0000267.jpg;0000253.jpg;0000025.jpg;0000204.jpg;0000118.jpg;0000133.jpg;0000122.jpg;0000411.jpg;0000111.jpg;0000487.jpg,90.7897;1075.3983;1230.6914;1403.4263;1470.0104;1635.7216;1787.4116;1873.0425;1921.9673;1942.7576
0000267_rot90.jpg,rot90,0000267.jpg,1,1950.4464111328125,0000267.jpg,1950.4464111328125,L2,0000267.jpg;0000487.jpg;0000050.jpg;0000411.jpg;0000025.jpg;0000118.jpg;0000051.jpg;0000253.jpg;0000229.jpg;0000133.jpg,1950.4464;2313.5542;2467.7898;2481.5876;2491.0239;2540.8511;2550.1790;2552.0791;2558.0723;2599.1743
0000308_bright.jpg,bright,0000308.jpg,1,266.879150390625,0000308.jpg,266.879150390625,L2,0000308.jpg;0000159.jpg;0000149.jpg;0000003.jpg;0000523.jpg;0000411.jpg;0000111.jpg;0000333.jpg;0000569.jpg;0000025.jpg,266.8792;389.0339;2952.4202;3042.8118;3140.4036;3148.9712;3180.3608;3212.0459;3215.3252;3215.8311
0000308_flip.jpg,flip,0000308.jpg,1,62.61616516113281,0000308.jpg,62.61616516113281,L2,0000308.jpg;0000159.jpg;0000149.jpg;0000003.jpg;0000523.jpg;0000253.jpg;0000111.jpg;0000411.jpg;0000569.jpg;0000025.jpg,62.6162;509.6990;3224.7207;3328.4849;3400.0605;3418.8809;3419.3105;3423.0974;3429.3643;3435.7595
0000308_rot90.jpg,rot90,0000308.jpg,2,2901.18310546875,0000159.jpg,2647.0390625,L2,0000159.jpg;0000308.jpg;0000050.jpg;0000053.jpg;0000229.jpg;0000171.jpg;0000196.jpg;0000051.jpg;0000149.jpg;0000111.jpg,2647.0391;2901.1831;2938.9062;3341.6995;3359.6987;3516.0352;3629.8071;3650.1038;3677.0317;3681.7402
0000315_bright.jpg,bright,0000315.jpg,1,75.32798767089844,0000315.jpg,75.32798767089844,L2,0000315.jpg;0000340.jpg;0000220.jpg;0000003.jpg;0000149.jpg;0000523.jpg;0000267.jpg;0000253.jpg;0000025.jpg;0000204.jpg,75.3280;225.1917;687.5912;806.5032;1046.3154;1095.4785;2479.1426;2676.7812;2705.5085;2925.0469
0000315_flip.jpg,flip,0000315.jpg,1,161.26580810546875,0000315.jpg,161.26580810546875,L2,0000315.jpg;0000340.jpg;0000220.jpg;0000003.jpg;0000149.jpg;0000523.jpg;0000267.jpg;0000253.jpg;0000025.jpg;0000204.jpg,161.2658;295.6179;712.5520;877.3870;1097.4995;1126.0886;2621.4167;2730.2881;2816.5610;2956.5471
0000315_rot90.jpg,rot90,0000315.jpg,2,1793.1728515625,0000340.jpg,1736.6629638671875,L2,0000340.jpg;0000315.jpg;0000220.jpg;0000003.jpg;0000149.jpg;0000523.jpg;0000267.jpg;0000025.jpg;0000253.jpg;0000204.jpg,1736.6630;1793.1729;2003.4131;2025.5337;2257.2329;2403.6694;2961.3398;3219.2251;3290.1597;3406.5828
0000316_bright.jpg,bright,0000316.jpg,1,104.85374450683594,0000316.jpg,104.85374450683594,L2,0000316.jpg;0000017.jpg;0000053.jpg;0000196.jpg;0000548.jpg;0000267.jpg;0000050.jpg;0000026.jpg;0000171.jpg;0000487.jpg,104.8537;2184.2642;2787.8147;2801.4854;2863.0747;2928.1787;3042.6643;3075.7322;3150.4199;3192.4321
0000316_flip.jpg,flip,0000316.jpg,1,90.76499938964844,0000316.jpg,90.76499938964844,L2,0000316.jpg;0000017.jpg;0000548.jpg;0000196.jpg;0000053.jpg;0000267.jpg;0000171.jpg;0000026.jpg;0000050.jpg;0000487.jpg,90.7650;2270.0679;2737.8755;2838.9565;2867.1377;2912.3723;3030.3560;3065.0625;3111.8081;3143.6714
0000316_rot90.jpg,rot90,0000316.jpg,1,1192.291748046875,0000316.jpg,1192.291748046875,L2,0000316.jpg;0000196.jpg;0000053.jpg;0000548.jpg;0000017.jpg;0000050.jpg;0000171.jpg;0000267.jpg;0000229.jpg;0000026.jpg,1192.2917;2604.6792;2637.8230;2716.8035;2803.0588;2950.2534;2995.9888;3131.5391;3147.2632;3208.3140
0000333_bright.jpg,bright,0000333.jpg,1,303.99151611328125,0000333.jpg,303.99151611328125,L2,0000333.jpg;0000191.jpg;0000046.jpg;0000133.jpg;0000118.jpg;0000569.jpg;0000196.jpg;0000025.jpg;0000411.jpg;0000053.jpg,303.9915;534.3145;1750.0110;1760.1479;1793.5667;1942.9501;1949.2571;1987.7018;2095.5020;2145.6821
0000333_flip.jpg,flip,0000333.jpg,1,80.70362091064453,0000333.jpg,80.70362091064453,L2,0000333.jpg;0000191.jpg;0000118.jpg;0000133.jpg;0000046.jpg;0000569.jpg;0000025.jpg;0000411.jpg;0000051.jpg;0000487.jpg,80.7036;460.7092;1447.6324;1497.9019;1501.5061;1583.8240;1625.5830;1770.7936;1889.3521;1953.1615
0000333_rot90.jpg,rot90,0000333.jpg,4,2461.881591796875,0000050.jpg,2281.556884765625,L2,0000050.jpg;0000196.jpg;0000053.jpg;0000333.jpg;0000191.jpg;0000229.jpg;0000548.jpg;0000487.jpg;0000569.jpg;0000046.jpg,2281.5569;2360.9263;2395.9365;2461.8816;2578.1804;2579.9019;2767.3267;2963.0994;3009.9146;3078.4614
0000340_bright.jpg,bright,0000340.jpg,1,128.52890014648438,0000340.jpg,128.52890014648438,L2,0000340.jpg;0000315.jpg;0000220.jpg;0000003.jpg;0000149.jpg;0000523.jpg;0000267.jpg;0000025.jpg;0000253.jpg;0000204.jpg,128.5289;334.2565;833.0415;932.8516;1153.3972;1158.7024;2687.3184;2883.0557;2922.4917;3119.5776
0000340_flip.jpg,flip,0000340.jpg,1,208.36404418945312,0000340.jpg,208.36404418945312,L2,0000340.jpg;0000315.jpg;0000220.jpg;0000003.jpg;0000149.jpg;0000523.jpg;0000267.jpg;0000253.jpg;0000025.jpg;0000204.jpg,208.3640;294.8689;837.9574;919.0012;999.8022;1055.8837;2539.4766;2703.7812;2769.8091;2894.0220
0000340_rot90.jpg,rot90,0000340.jpg,1,1585.80615234375,0000340.jpg,1585.80615234375,L2,0000340.jpg;0000315.jpg;0000220.jpg;0000003.jpg;0000149.jpg;0000523.jpg;0000267.jpg;0000025.jpg;0000253.jpg;0000204.jpg,1585.8062;1635.5776;1930.1305;1949.4125;2196.0151;2336.0122;2978.9983;3132.4941;3214.8276;3394.1279
0000411_bright.jpg,bright,0000411.jpg,1,46.54340362548828,0000411.jpg,46.54340362548828,L2,0000411.jpg;0000051.jpg;0000026.jpg;0000487.jpg;0000118.jpg;0000122.jpg;0000025.jpg;0000133.jpg;0000333.jpg;0000111.jpg,46.5434;375.2810;680.9681;821.8394;1454.8188;1529.0310;1557.6775;1602.3938;1755.9988;1822.5924
0000411_flip.jpg,flip,0000411.jpg,1,111.65552520751953,0000411.jpg,111.65552520751953,L2,0000411.jpg;0000051.jpg;0000026.jpg;0000487.jpg;0000118.jpg;0000025.jpg;0000133.jpg;0000122.jpg;0000333.jpg;0000111.jpg,111.6555;325.9867;576.5151;822.5461;1471.4102;1564.4634;1619.6017;1659.6327;1854.3306;1905.2705
0000411_rot90.jpg,rot90,0000411.jpg,3,1891.59912109375,0000487.jpg,1830.8642578125,L2,0000487.jpg;0000051.jpg;0000411.jpg;0000050.jpg;0000229.jpg;0000026.jpg;0000053.jpg;0000196.jpg;0000118.jpg;0000133.jpg,1830.8643;1836.4739;1891.5991;2186.5811;2211.6865;2405.3960;2526.2651;2588.7021;2618.3579;2727.6113
0000487_bright.jpg,bright,0000487.jpg,1,41.10565185546875,0000487.jpg,41.10565185546875,L2,0000487.jpg;0000411.jpg;0000051.jpg;0000026.jpg;0000122.jpg;0000118.jpg;0000111.jpg;0000267.jpg;0000025.jpg;0000196.jpg,41.1057;819.6021;882.8691;1040.4796;1719.8649;1895.7958;1939.2588;1939.2948;1989.9558;2013.1313
0000487_flip.jpg,flip,0000487.jpg,1,141.87081909179688,0000487.jpg,141.87081909179688,L2,0000487.jpg;0000411.jpg;0000051.jpg;0000026.jpg;0000122.jpg;0000118.jpg;0000025.jpg;0000111.jpg;0000267.jpg;0000133.jpg,141.8708;842.3195;874.1953;1121.0927;1767.5630;1843.1577;1936.6788;1940.8555;1942.3676;2066.6729
0000487_rot90.jpg,rot90,0000487.jpg,6,3395.78173828125,0000050.jpg,3054.05419921875,L2,0000050.jpg;0000053.jpg;0000229.jpg;0000171.jpg;0000196.jpg;0000487.jpg;0000017.jpg;0000411.jpg;0000051.jpg;0000026.jpg,3054.0542;3102.1294;3255.5427;3321.7546;3335.8149;3395.7817;3471.7876;3486.6316;3510.6008;3514.5366
0000523_bright.jpg,bright,0000523.jpg,1,69.72205352783203,0000523.jpg,69.72205352783203,L2,0000523.jpg;0000149.jpg;0000003.jpg;0000340.jpg;0000220.jpg;0000315.jpg;0000253.jpg;0000267.jpg;0000025.jpg;0000133.jpg,69.7221;451.4889;671.5548;970.9335;1024.6313;1096.4338;2424.0542;2548.6531;2578.1294;2582.7808
0000523_flip.jpg,flip,0000523.jpg,1,109.19686889648438,0000523.jpg,109.19686889648438,L2,0000523.jpg;0000149.jpg;0000003.jpg;0000340.jpg;0000220.jpg;0000315.jpg;0000253.jpg;0000267.jpg;0000025.jpg;0000133.jpg,109.1969;520.3575;740.8486;1080.6506;1146.3364;1277.6270;2399.3833;2500.6350;2516.0020;2553.9617
0000523_rot90.jpg,rot90,0000523.jpg,2,2170.18359375,0000340.jpg,2123.421875,L2,0000340.jpg;0000523.jpg;0000149.jpg;0000003.jpg;0000315.jpg;0000220.jpg;0000267.jpg;0000025.jpg;0000118.jpg;0000253.jpg,2123.4219;2170.1836;2188.6099;2238.6694;2277.0703;2419.5544;2928.7583;2986.7063;3037.6748;3066.0913
0000548_bright.jpg,bright,0000548.jpg,1,330.23455810546875,0000548.jpg,330.23455810546875,L2,0000548.jpg;0000171.jpg;0000569.jpg;0000487.jpg;0000196.jpg;0000050.jpg;0000046.jpg;0000229.jpg;0000053.jpg;0000051.jpg,330.2346;1028.1113;2073.0374;2132.5828;2170.1821;2171.8320;2172.7358;2272.7437;2369.9766;2485.2756
0000548_flip.jpg,flip,0000548.jpg,1,58.62301254272461,0000548.jpg,58.62301254272461,L2,0000548.jpg;0000171.jpg;0000569.jpg;0000046.jpg;0000196.jpg;0000487.jpg;0000050.jpg;0000229.jpg;0000053.jpg;0000316.jpg,58.6230;959.4216;2001.7404;2214.2356;2430.3394;2489.3545;2533.1216;2591.2310;2671.1306;2811.4641
0000548_rot90.jpg,rot90,0000548.jpg,1,1135.427001953125,0000548.jpg,1135.427001953125,L2,0000548.jpg;0000171.jpg;0000050.jpg;0000196.jpg;0000053.jpg;0000229.jpg;0000487.jpg;0000569.jpg;0000046.jpg;0000051.jpg,1135.4270;1398.7369;2363.2649;2416.4905;2526.9077;2531.1157;2669.1396;2711.0474;2722.8228;2924.4839
0000569_bright.jpg,bright,0000569.jpg,1,239.57069396972656,0000569.jpg,239.57069396972656,L2,0000569.jpg;0000046.jpg;0000191.jpg;0000133.jpg;0000118.jpg;0000333.jpg;0000025.jpg;0000548.jpg;0000111.jpg;0000487.jpg,239.5707;639.0428;1475.1963;1507.5994;1514.4689;1538.8217;1672.6169;1962.6777;1978.3613;2023.9929
0000569_flip.jpg,flip,0000569.jpg,1,91.3683853149414,0000569.jpg,91.3683853149414,L2,0000569.jpg;0000046.jpg;0000191.jpg;0000333.jpg;0000133.jpg;0000118.jpg;0000025.jpg;0000548.jpg;0000111.jpg;0000196.jpg,91.3684;665.6190;1394.2677;1523.3639;1581.2104;1661.2932;1902.2495;2000.4860;2221.8240;2317.7739
0000569_rot90.jpg,rot90,0000569.jpg,1,1892.480224609375,0000569.jpg,1892.480224609375,L2,0000569.jpg;0000548.jpg;0000046.jpg;0000196.jpg;0000171.jpg;0000487.jpg;0000053.jpg;0000050.jpg;0000118.jpg;0000229.jpg,1892.4802;1935.1421;1977.5454;2410.3884;2507.1499;2600.7039;2618.5203;2626.9126;2672.0884;2745.0591
